merchant_id,non_majority_lats,non_majority_lngs,group_size
0016fcd6207e1024e67d4679502c29d9588b8a289ca6f71f29248c1235f871ef,{},{35.892: 1},5
002225f0f3a28cbc13591d70a1ec6ac3f254ff0ecd9c9cb0ad5e15d63bfff0d0,{32.027: 3},"{35.856: 6, 35.858: 2}",62
004af377dd4cce3fd9d97a296892c55e79bed133ddb62fab36dcfcd44bced125,{},{35.868: 2},49
0083c5defc22769e7e35a5966fbef22324050f611eb0f594a08a1ea8b1aef8cd,{},{35.847: 25},72
01427158703e37aafe4301e3e5d0fe6da6949ec9b2c43d66e699b7caf2e63bdb,"{31.941: 12, 31.938: 1}","{35.887: 1, 35.889: 1}",46
019f4480ccdf47b8668f9b5bfed21e185b1d502fbfd448247a687820275f84b0,{31.975: 2},{35.846: 36},187
01a8dfde4e30d306a43521b2179b946fd0cad32f71af7b4b084623195584aee1,{31.957: 1},{35.857: 1},12
01f60c996b2ab73b0f51fd818f3ddfb20adcbc3fa7b2ea5232168eeefc9fca7d,"{31.957: 5, 31.959: 2, 31.982: 1, 30.084: 1, 31.949: 1}","{35.868: 23, 35.866: 10, 35.997: 1, 31.352: 1, 35.865: 1}",451
025f84237e0758dc3ed36782e44d3482b0c064beb291b828330d5c7d6759331e,{},{35.866: 2},5
032cf9bc9204c429d2b247a0b8dd3aeb9d38520ec04005652bab498e140dcb2b,{},{35.843: 1},63
0350618ba36398bda6611ac0fdbbe02714096336232b6aa3662d17f3a5610757,{},{35.867: 1},17
036149022aa15663a42eb77043d7c434e140075c37eede3c03229e426f9c99cb,{31.973: 3},{35.841: 1},13
0509491ca75681e3e09c62cb56547535e2f721f173b6b993ca9663af3c2c48be,"{31.963: 3, 31.965: 2}","{35.907: 3, 35.909: 3}",46
05d5d48bfaf597eee0128766c6b67c47c91b2604dd75861c3fc59a51f2232b55,{},{35.835: 2},45
05f855e370034f6545fdecee907e993e73157b88197547050d9b44079ba8c355,"{32.024: 2, 32.03: 1}",{35.878: 1},43
05fac777cf224944bd65a4541767b03f1e7bcf28d2cac0db594d4052bcc283ac,"{31.989: 38, 31.991: 1, 31.988: 1}","{35.873: 7, 35.871: 2}",180
0635f8ca09ca6267bba259c14e73be544aadcaf7bf566f7acf9b756c953ea36a,"{31.93: 8, 31.929: 1}","{35.937: 1, 35.935: 1}",28
06fec46626a230f8b4bfaa7c8bc19b1e7cc14dd3f98931eae2466536d5045aec,{31.977: 1},"{35.884: 6, 35.888: 1}",25
073e699d212939f0138551a1e053bb9fc13cb386c212714b842a430abc61267d,"{31.908: 1, 31.89: 1}","{35.853: 1, 35.848: 1}",40
0777c38b42aa7225594b40da205985a2388fbd4f58c9c28d4bb2e4759965f19d,{31.984: 7},{},18
082c07e5e134592d2ecc80428d502a7a88acdf83f77974a78e696bbd6fbbea67,{31.891: 8},{35.861: 1},20
083fa47bebe0a9cadf1df77f080e065fe57ea47db4441a2e6598370196408e28,{31.95: 1},{35.922: 1},24
085aba61b57ccc7b8d45d70579cb5746c02c7f0c769da8f0bba89cda76387cd2,{31.948: 1},{35.865: 1},6
0881ef208a14a2bd4028144c2cb486a7450f65411fc2ef98287c2e28aaba5384,{31.998: 2},{35.853: 30},66
08ba33be1e1156e3212bbb1ae0ea53b21e9045804c589ff3cb954d431f482546,{31.949: 1},{},3
08f3dd6f1ec35320b0867223600ed0eea4d34a8719515906d10254c41c533f4a,{},{35.885: 3},22
090aa040161b4585b92fcaadc868113ea804a7e27cf7a224b7233ecb94ab9774,"{31.957: 26, 31.96: 1, 31.956: 1, 31.966: 1, 31.962: 1}","{35.867: 22, 35.866: 2, 35.869: 2, 35.865: 2, 35.87: 1, 35.856: 1}",512
0963bde85f0898d4d932ae320742ba80376ad5b1ab7596bbc1de1df6e2e0918a,{},{35.843: 1},30
099f72106e06950bd38b5cbf6b93a58ed0482164dd3d4674efcd3f4910a786d1,{31.98: 12},{35.846: 7},31
0a4eaafdfee31f997b74d917c3d745bb55669aa3c9989750a7dbffcadb0d9508,{31.974: 1},{},8
0acc402ac53aca152d61edd538353965eadcd6a8ce572d9bd6b90a442bf4da3d,{},{35.856: 1},14
0ad339b8f4bad36c2c7dca2167f9c4da9f8293c042b9bfee5d8f1ed27191ce6d,"{31.981: 1, 31.979: 1}","{35.836: 1, 35.838: 1}",19
0b62c19e598c39aae98751d69b8d1a5d59b2b06d40542f4489f89e49ed72ea6a,"{31.995: 1, 31.997: 1}","{35.835: 2, 35.841: 1}",47
0b63fdb710d5d4f12a086ee4cdecae7e232cfc8e32294669d8f666b7e454551a,{30.084: 1},{31.352: 1},9
0b75015639892cb7096bea9a7bf47cc62d9a645a3695da7f0fb2eb77dacd3b0e,{31.973: 1},{35.88: 2},38
0b800e8a6b07e5798de8ecd1dc43b975cc58dd933a7f2362d7a06d4c6111b138,{31.965: 1},{},109
0be1b769810c143356c2ba79e279e0400cac98d9b151ca8ab8d6821ae0ecf1f9,{},{35.921: 1},3
0c0687d6ebc36d419d0515f200d8d42ea38422f1c25e099da70f5d785bbdfd1e,"{31.957: 5, 31.965: 1}","{35.856: 5, 35.857: 1, 35.854: 1}",142
0c0908e5f60057ae03818e606296caf66f5e0f1233f8ee019714ea091b461094,{32.001: 1},"{35.83: 3, 35.832: 1}",33
0c51c0b49a1076c6adf0ca6c8843963ca79eaa292e2e3175d22831f73606d77d,{32.001: 1},{},3
0d2c3ead04d9ba8cbaf6adb7ffd8b82344859dd9915ffd29e8c9fdf840b3761b,{},{35.87: 1},4
0e56c95d678e1d477e457a86288dd111cea834b6d8f9183227b86645774afc8b,{31.914: 1},{},4
0eaa1cdece68220c4dcea9e85b23ff62d4db2acfff2292f51212c740145a556b,{31.969: 19},"{35.899: 13, 35.901: 1}",54
0eabd56db21086dc370eadfb2498a09ff259d5b37b5f1093449817c8eb321c3f,{31.964: 2},{},10
0ecf46b6ef4ac5bfabab3cf85933469c2639a5932bdf02ca26e56534017abe0c,{},{35.868: 2},60
0ef1d1f6c68d655e152fe03dd4b008ca04748b329a3b869c7005dd6fb829bfde,"{31.956: 2, 31.957: 1, 30.084: 1}","{35.868: 3, 35.866: 2, 35.841: 1, 31.352: 1, 35.863: 1}",115
0f4f184d396500a6b7e9752c3bbdac9aecc835699800b5127ec9b360639b029d,{},{35.852: 1},102
0f576f8004fbb125c220cb1f6369d87cf8b1a68d2f7853e9156d88ff9b8516bd,"{32.002: 2, 32.001: 1}",{35.794: 1},31
0f5777992c4c4bc9bdcfa6d4d7d5bbb14f30bbfd1da5c1dddc604c61951f0a73,{31.977: 1},"{35.854: 1, 35.857: 1}",37
10be68b8969c5229a2e1e694b4d4a43773f508f9ad189dfe82085befd1195f67,{},{35.915: 2},11
110cedc8c5944def101659c59e2d55be158011de75c4f9122eecacb061d7c42c,{31.955: 32},{},67
11683fe32fbe2b280e97a47df3433f8cf8ba4a8fa2fb97e2c8a6ee32ca10a40c,{31.941: 2},"{35.884: 1, 35.886: 1}",46
1281b8cd45ef136a4974f33be1e7d1158e68c8385ef702decc25fea774f57713,"{31.898: 1, 31.887: 1}","{35.859: 1, 35.869: 1}",30
12a8958e771c8e4f1727963db02a49929df40ae6ca9dd2fbfec3b8ce367645d1,{31.979: 1},{35.844: 1},11
12e4c1ef38594173a25a467eec0c691bf226ad6685856a3270df7c75c9e37dd1,"{31.995: 19, 31.993: 10, 31.996: 4, 31.998: 2, 31.992: 1, 31.98: 1, 31.983: 1, 31.981: 1, 32.0: 1, 32.008: 1}","{35.87: 233, 35.872: 3, 35.868: 1, 35.865: 1, 35.869: 1, 35.88: 1, 35.882: 1, 35.847: 1}",575
13096f25280fa44065b0cab1c820d0acaaf17e4b234afdfa8df78698c20c6431,{},{35.928: 3},20
1335d715b112edbfa6c588a1e6fa572d8d0e9a46184a3fd515b5e9b69b90680e,"{31.998: 2, 32.001: 1}","{35.868: 6, 35.87: 1}",83
1350d0ff5197c0230b2af7cd498e8f661a16b03a636f3da0497e59d570ed729f,{},{35.848: 7},16
13562abfe075125d346a15f2866a1c7bb9ae6a3918a4c9df75968ab398b86a88,{31.993: 1},{35.815: 1},7
14086429be57dc898e0b92b8435529d8ae27b212066581a1419f65862989493d,{},{35.833: 2},6
1433812467d66feb14357a3afa19feb1ddb76cb0b6e6203f1f589e99619243e8,{31.989: 1},{},6
1448c5d8ed186a3e4f8c962fe774c684c7244abe5f8c0b4d6c07fbda0f74fe13,{31.979: 1},"{35.836: 1, 35.838: 1}",5
1469b6f7eabbfa86033ce8c325937232a2183a803be4f2bd0d4558f5c07343c9,"{31.963: 1, 31.965: 1}","{35.909: 1, 35.907: 1}",9
14c884a9dbe9cb72f1a004f35f3b70c0f702d0ebd601d9ead112074c11e1fffd,{},{35.834: 3},16
14e184bc5cdfd734224ddf70efee63bd95a29e08da45f8fe701a8ee9b8babdec,{31.977: 4},{35.946: 1},38
14ffbbd78b21d4880f78bfe26e3b30de2b98060c09263ebe3aab617a1e828a18,"{32.037: 1, 32.052: 1}",{35.884: 1},41
1501b1922497376a7378a67805bccb62e97ccbf1399be7e1897db0eb72a8223e,{31.952: 1},{},23
1540deb8fa7dcb4f9a3f55a9a569156eb4991de569d9221b6b048836fb0d7598,{31.965: 1},{},5
15ba7cff49804409456d30979bd9c368e110c77b871b52cb5e9730de754c0e4c,{},{35.936: 1},3
16287482b45bdf0df458243098a997c7e2e36bdc7df41bca7badd8f60cbbae03,{31.948: 1},{35.865: 19},49
165fb9413ee17e4fd48ae9941fd796084a9475295555275fef887dde539b94fb,"{31.981: 1, 31.978: 1, 31.976: 1}",{35.842: 4},18
174c579a476231732a8de7d616b4640ea4de02612615b53f6076c4b5571d437d,{},{35.866: 1},7
17509a7fdf1cfa585fc37d60e8a8506adb5dc3a3515415bc32d47a3e032c6ca5,{31.979: 1},{},6
175768bf9bd1a235248202586f61fc55a9de09567b43b9c0674dacda43fc077d,{31.94: 1},{35.884: 2},30
17c1a423e50abf37f727ae4f6f1563f2eb8c30dc7c715c9ad4c2ded9dac3b7ac,{31.895: 1},{},2
18012cadc7a9a980c1210f3d1c064db6cb34ed870826efa3e17bf3dbe24d3808,{31.975: 1},{},26
18b5fac332ead1c9b0c30fa8dbecb44806631ae8c7e45d87cda4fb2baa1e2e00,{31.978: 2},{35.85: 1},73
1954a766a2004725ac2b9734e89c4ab62e6e209ecf5215a471bf251fb82d3cb4,{},"{35.885: 32, 35.886: 1}",96
1a2a6596d35062ff855f3a7e6e27f8bdfd0fc858db80601a3da4a8e7b088a21c,{},{35.843: 4},12
1a7a673da10ec4c0eb44531f1b0906db3f662af50193fe982aba39bb1e8bed5e,{},"{35.849: 4, 35.85: 1}",132
1abc644ab32613b6f6e2e76ac56e3c3689e8c44c52ffbefb8e1b0c9a927660d5,"{31.892: 18, 31.891: 1}","{35.844: 2, 35.845: 1, 35.842: 1}",65
1b365b77c1e7d306c627aa56e1fd2e6b80b1689ac995ca49b4cb9bd009ab87d5,{},{35.86: 1},22
1b6a30936a423cd2721a91380c0f6ccbe27cf68ee496adeae9775f8d2dec4e92,{31.888: 1},{},4
1b8bcec6589ddbbe453cb9db72ca7ba7e5abba57ce44e8cd5c7d5389f05dab75,{32.027: 13},{35.857: 1},27
1bb5d8e7826a5d5d358debad312bd1e92b1494103a056b73d7a8f0ba589845a4,{31.975: 1},{35.845: 13},28
1c77622793dfeac87772ad1680675fc83a6f879e2ab97fb6b632ffc7762fd2fb,{},{35.863: 1},10
1d3a41d2a7c6e8f38647dae4c268edec063a84aeb1508185e3ba4e36d8083f7b,{32.027: 1},"{35.858: 1, 35.856: 1}",76
1d988a7aeab89a17f6d94948dff94bbb629bd7413ba3621b056ec36975c0b80a,{31.976: 1},{},36
1dae7b35195eb74428b1ee1a2cfbdf3569561d1687ee034a527746077a0e51a4,{32.009: 1},{},2
1dbaeabf734e57ae0dc163eeb5ae1524a741a7f3c913ef1a26ac0cfddeb22397,{32.022: 1},{},5
1dda3470f276b94ee52e32290bc6e6cb9ad6352b84482f39bc23dcb0a935557c,"{31.942: 11, 31.943: 1}","{35.887: 2, 35.889: 1}",26
1e370f17fa48201e63f81f2a449c90e0e0de11ce7fb36f52ec7df8eb78d5a4c7,{32.008: 2},{35.952: 5},19
1e380f41acf14b4da4868be6f54498ae0a77a3d5b0338bc5b12f35de703ca559,"{31.892: 12, 31.89: 3, 31.888: 1, 31.9: 1, 31.895: 1, 31.894: 1}","{35.861: 4, 35.858: 1, 35.87: 1, 35.851: 1, 35.864: 1, 35.862: 1}",328
1e69c337e56c67dcf544272bcbb1942c2cd28a140036683be0f8abcab6e50a53,{31.974: 1},{},8
1ed2398f1dddf41f55fbca9cf118423f20f5120f61a6868a73f799d218c303eb,{31.949: 2},{},24
1ee67ad8d96c0763138da9cdd3351463184ea818872152e2aae89751ac214e43,{31.973: 1},{35.841: 3},16
1ee987c3d6bd0bafc5f5d35b06864be8066bea8b65f02071eb58078a01080f6e,{31.977: 1},{},3
1eea8cab3bf4c9695de9ea70c59144783837b6c0ea481a6160310ef18b4ac3a2,{31.977: 2},{35.979: 1},7
1f097adf386e3fab576447414714f2887f16c3d22cbeadec951417c7848d807e,{31.973: 1},{},10
1fdd18ae76f2eeda804de8ea7a13cdcc8b09492c46be68f2199511473490508c,{},{35.918: 1},2
1fe0ff3ce19cd8a0fffdc7e448b0b5396d0151aa9c27cdd20be30583aec6709b,{31.991: 4},{},25
1ff921cc0ede3f21d2a983199da8e81096719df060a0652c83ded53edfa364bf,{31.949: 1},{35.922: 1},11
1ffb3df6f15d43edcb9e8abd414a0d3436e783e25d42bfd88438d6acb55a28e4,"{32.029: 3, 32.026: 1}","{35.873: 5, 35.871: 2, 35.874: 1}",94
202e61d10cd4368dbf08643b2060fb6e36d59ece785355702f0d9cefecb4cb97,{31.895: 1},{},13
20bf3c4076e3e6477217331240185de4584a1e161e9707d3ca9eac7c91bb1e74,"{31.996: 3, 31.994: 1, 31.997: 1}","{35.872: 2, 35.873: 1, 35.87: 1}",69
21072acabb2b359da9de93a97b134d15f47f78d24516fcbc81a6d5d3e76731f2,{31.975: 2},{35.855: 1},10
21324bc1b6ee6d832f16619468efbc56d8dff0eb716dee6931f41bdc46239bc4,{31.949: 13},{35.879: 6},71
2166bf01b3ee54a3aa2b046d7f7722fffb00334da170b4fe15336655d13bd394,{31.893: 4},{},49
2181381d1d1c033c142513adc054b33d997a48afb73c2d42a7378ff693f66f25,{},{35.925: 1},5
21a884d322ffd0d6871a0cdeb62b308ae57d2d7879a64d278330b0d6f8ee441c,"{31.978: 9, 32.159: 1}","{35.842: 12, 35.844: 1, 35.671: 1}",66
2261254496c6a07c1f512800c2b30d630365eeaf0fc890f541d92f94f89c2ccc,"{31.974: 2, 31.972: 2, 31.953: 1}","{35.84: 16, 35.867: 1, 35.844: 1, 35.842: 1}",189
2270d27d3c42cda8a93af4575088889d383143c66d067de824175d67daebece2,{31.963: 1},{35.906: 2},15
230ac3480dc18150ed2a77604500a9cd83cff21dc30d694ae7ee95554d5ef1b3,{},{35.865: 11},55
231b72bd73e46cb7dea06951a37c93e2c6b1fb905db8276eb7fbc5459352865d,{},{35.853: 1},19
23580863e232489a2397cdb9ba82cc6b5815df888e58bb7b53ab4fa2948f5251,{31.985: 1},{},2
236a8bc9e7636ebd8fdddd7028caa3667f3c95cb7ea48d5a66dfabee2f0a7f4d,{31.953: 2},{35.884: 20},43
2396e100c9a0ddc0b2142b22906e3f81dae9c04262860df5eb27433573e41550,{},"{35.843: 5, 35.841: 1}",33
23999e41193f4c7f5d5c54b52c74c221cf9da48e24c0325fc88c8c901657386e,{32.029: 1},{35.872: 5},29
23d0c45c4c908354c06b6316c6be2978c1f7b06bd4fcb32e3e8ce7b3b945ed6d,{},{35.888: 6},17
23d3f87fa256ed218b4be40d8c03c9a80f14d95961a47094adc4666b7046b186,{31.988: 4},"{35.877: 8, 35.878: 1}",30
240254c58f9af40f04a3ff0c41abfa61abf44298f3d17745f27082a332a9036b,{},{35.906: 5},37
248759cd7830cd2ea3d9d30cc825ac4264a063971aff0056dde97d6fbe401f76,{31.963: 1},{35.909: 1},12
249978f1e49dca86ffe8145e7f6a2d8a599866f5d9f794556d2dac386204ee1b,{},{35.887: 32},73
24c7a5e32eabef36c7a95d54f5fe8db594ff17018f59566ee542b0d69abcf36b,{31.966: 1},{35.898: 1},87
24cc63a85115b48bcd0dfd5a9f32d4d552e574f18774b527a5c1e1290ab4eb93,{31.897: 1},{35.902: 2},19
24ef1d22ecf5df38d7c72797d54b032ceb5dd4c65eb30ccbab13febf48678be7,{31.989: 1},"{35.848: 6, 35.85: 1}",102
25731bfb855d0761635d9acbc396887d179810dabda535f944b5ef2425f9af71,{},"{35.907: 1, 35.894: 1}",32
257db4622f503a4b84443025ce53bade668d433948fce63564f1a02dda13af34,{},{35.873: 12},57
2585111ed98573f5adcc9f3e8f44fa87fc1802c2325b61736198d9900471ca8d,{},{35.907: 1},5
25a900ba6a8d2c808b900a44d6a619b434e676027c49acb787e69f5385808819,{31.978: 1},{35.855: 5},75
25dee227e212994da18b0a046b082e08dc3c4e27b26878806a9b70a5c0b7f1b7,"{31.975: 18, 31.973: 7, 31.976: 2, 31.968: 1}","{35.853: 8, 35.855: 2, 35.851: 1}",362
2637bfa82131accc3c1713edc41755058a4399b58fada4903da8da119c5f30a7,{31.971: 1},{},50
2642c44563ab5029d282241a0fa6512b820c4375f3e280997be52bb47dd8481b,"{31.948: 45, 31.935: 1, 31.95: 1, 31.944: 1}","{35.893: 9, 35.891: 2, 35.894: 1, 35.927: 1, 35.89: 1}",279
267661101b0036ea49d0eb0d938e3842dd5ba9291ff269278f2f16df92998ac5,{},{35.895: 21},55
269fb4ede1155470822e7df2b38ab1b8e0cc9f662185f61c9d4320c1dc9077de,{31.941: 2},{35.881: 1},14
2711e30444fd60da882bf58054c4f2d439a3f96e21d748495af6024635cb71ec,"{31.973: 29, 31.967: 1}","{35.88: 4, 35.878: 2, 35.884: 1, 35.881: 1}",185
27619c9b1c6aa611cc86edc96cd5409949756db9d2fb7fbff34e4cb61035e42a,{},{35.902: 1},3
2767a6554d6e357ec80459c6a883a7507e76b231810988484d4e2131e9c2f09b,"{31.89: 2, 31.892: 1, 31.939: 1}",{35.821: 1},18
276b93db97d0188a04502ea8b2050d3eef9f73baf527fbf4747faa1a265362d3,{31.95: 1},{},17
27816e917ba28dbe737e8bf97b87a4a228b460b0d03342e82d9acd12fe885f6a,{},{35.863: 1},31
28a522bbc625f7d55bee329a7f2fb5eb77d2441e4b088668096cf8e2b9c14785,"{31.949: 2, 31.947: 2, 31.97: 1}","{35.864: 2, 35.841: 1, 35.863: 1}",56
28e8ca8ad74b67239df8d68787ae8d6a6e5633aa8c8af4bcbb37e9f7c62cc9c6,{32.021: 1},{35.87: 1},42
28fd9d6f1ffc46dea93a35ffd96a100f6bc7c559b3b36e311e485ba50f89c4ab,{31.966: 1},{35.889: 1},19
2a1417c55e722f91d5a54feed2e2e1874ee042588b7b609e18ed9b23ef3db495,{31.926: 1},{35.9: 1},4
2a46c2e1acb409f9a00661ca4e5ddda244455c92fbca0f414e58efa19b028412,{31.984: 21},{35.887: 2},53
2addfbbf41ae339ba5b686394f32500d6493125ef7031f80a2aa6e4ee972eaa7,"{31.944: 3, 31.941: 1}",{35.849: 3},16
2afa12697f4374a8c3519a76b379355013d5b9c0197a16fd2c3d1c3975404348,{31.984: 1},{},2
2b4c183a7a9b7f7bb22dd2d9e34cc343d625ed711733bc65227c569db5b9b887,{},"{35.906: 1, 35.904: 1}",3
2ba7d254ea9689697f4b2e3f8408fa76514cecc93eca0a776e68acec1c2ce7b3,{31.98: 7},{35.857: 3},99
2bbb3706afef61a1ea60249421e364ddf97faad8b6e9caa1920f86fed155ae46,{},{35.839: 1},10
2be04a0fb8cb58317cf29291115a7e05ff28dcfe264b8d056903cf5fbd8af637,{32.023: 1},{},5
2c1c36214e88ba2e08c5944920a0eba879793e31af30a5a5a291689f504cb589,{31.986: 1},{},3
2c8d8b5bbc1fb62caed466305cf131e313eea403519f17bc62968821ff56b3bf,{},{35.877: 2},17
2d19f5fd7550653c705c922cd55f93d25ac06616b02ec159252d69d59dd29111,{31.949: 3},{},14
2d408c3fc12b91287520ad36333e3b3d667ec7c5c5c029b32b0352bda32fe1af,{32.027: 1},"{35.865: 4, 35.863: 1}",29
2d4b5ec9355238fe26597479886c5bedef43cd2febd9da535fb3abac0fe7cfd1,{31.995: 1},{35.87: 12},31
2d58c81b33a2eefe36fbe16ac6ecb6feb23002a87218e28f446791213672277d,{31.985: 2},{35.887: 1},6
2d68a265edb031a2b296abdf5fd9ad7c3aa23a2e417a6714b859920def3856a0,"{31.98: 2, 31.942: 1}","{35.87: 1, 35.855: 1}",77
2d8ae9a42f734a783cbeba628848d349f7dfe80ed645a673b03ce0ed4f452877,"{31.949: 4, 31.982: 1, 31.947: 1, 31.946: 1}","{35.873: 27, 35.87: 2, 35.884: 1, 35.874: 1, 35.932: 1}",165
2d9ea239f20b1f6aec876f7e8cb4e764b5855726454271fcd4978a2d8a76598c,"{31.972: 3, 31.974: 2, 31.969: 1}","{35.842: 10, 35.84: 1, 35.835: 1}",207
2da102cf31acb28a5a1568ab4bc486dc63fb485942d0334b3fd584394fded67c,"{32.002: 2, 32.004: 1}",{35.937: 13},41
2e524697dbe9268120a44456d2a64b87d3c0afd7000ccc3e256c6119e0b37a0b,{},{35.861: 3},7
2e682642d5d71549b2266f71632cdd3aabad25144e3d16a791ba132d06212bd5,{31.971: 23},{35.897: 6},104
2eb3c28d347c3cc38643f0f1d1ec46afbe264afb4143cccf1855f8b91174905c,"{31.896: 7, 31.891: 1}","{35.866: 2, 35.86: 1}",46
2ed680a727fda35cc1f1bf7cae32c6326de134b3365bb77d9c298d6c5cb61dd7,{},{35.951: 1},3
2f1ff92919588c5440f9b64aad0578037d85065eeb68914dc730063547d4bb13,{31.975: 1},{},6
2f4fbdb3b9fa444157d1695d0e39c6858f53b90172b368d23a2be2785e628656,{31.951: 2},{35.926: 1},136
2f54581a4e1a60dd9876eaea0aa7dd406eaec59bddc93c1ecef39f4907786a1d,"{31.896: 8, 30.085: 1, 31.895: 1, 31.93: 1}","{35.866: 5, 35.864: 4, 31.352: 1, 35.783: 1}",255
2f5dfda92f6918167bb3afbb37f65b8db7241a921de90d0e7924291baaa163b4,"{31.952: 2, 31.955: 1}","{35.935: 2, 35.93: 1}",7
2f61e7423d22972db82d93b99ef895aab2ab4e866cc97989d8ba864ea06ea3a3,"{31.97: 10, 31.972: 3, 31.969: 1}","{35.913: 3, 35.911: 2, 35.916: 2, 35.915: 1}",175
2f88cbb621b830292d44e9301e730c8bb183e8991226866dcadb0ffd33618b11,"{31.98: 1, 31.958: 1}","{35.845: 2, 35.855: 1}",11
2f8a50c30e706cd15198df501aad0cc506dfc48f648e07e19b8b8266db6ff7b1,{},"{35.853: 1, 35.864: 1, 35.855: 1}",47
2fffda5263902ee549a409dcb54c93f2b841af863d166364675672c05942d44a,{},{35.913: 1},5
300e1b3877b39351c23d84d9e71b752b70e4a1459ee3e72ba96964da67dc73b9,{},{35.861: 1},20
309dbbff58e2a317f7a67e193918e82b405d9eb7f73bda697219bce613cbfcb5,{},{35.864: 2},9
313384fad079d76a161d958016a424984fe53bb9065c04a13559f18258909072,"{31.95: 1, 31.947: 1}","{35.863: 1, 35.865: 1}",67
315bff1d8fea776285edde0d0ddb2757725c83fa0951f99cad3f2606b097b833,{31.996: 2},{35.872: 1},25
323ad0effcdbfa3fd50f56f58540d2612871d33cb8ed772678b0d1d78535f434,{32.024: 1},{},5
32b45193dfa8dfd6b81fc68f61fb93767a8298138fb590e14b4b4bd6cfb212be,{32.004: 5},{35.937: 1},26
32d256512a12f906ddc2a9e06349b9ef98fa1c78c08e2d3341b5ce0e21f7a82e,{31.942: 2},{},7
32eea80d2f7e6f8368fdb7b6a553fa07dce6307d1b43bfa850a0d6ee8daf634b,{},{35.893: 1},10
33146eedb56ea83ea9e18c4abef69bb1f351b56c7d480c2b43287b9a2a4ed77a,{31.971: 1},{},27
33377f2798f25d3dba4af8afca2bcdcd456f634326e20ac972cc3f7d0f48fcfb,{},{35.891: 8},16
333e2ffe653433e592afb4aecc0570213685a1542cc3bf59ba6c4640f4609890,{},{35.899: 1},3
33db2c8c9f26979b7240c8c60efd8495933d609e6cda9252535366a2a9cd42cc,{31.993: 5},{},11
3464ad0e41a916152a707a634bf5a342c997753f8eca317e645af870fdaa4a77,"{31.991: 5, 31.993: 1}","{35.867: 3, 35.869: 2, 35.87: 1}",37
34b38e06bd92eb6098ec199a61697435202e26075c5d96104b459e08b6643cdf,{32.005: 1},{},12
352023ca36da269786cb389dc4567d91075f72c8982ab637d3c493479c8da88b,{31.956: 3},{35.926: 2},10
358289b01ef756a2573b456e808d29d5a2abea09d80b7ed489534bd436933006,{},{35.909: 1},2
35e3b5265f9af43e186dbc1185919cfd9c2f25a1b728813ecfc31ec188892765,{31.917: 1},{},61
36064373e1adf4bfe18d79a9861db183a7633aba20b79b19c4c37c199f47616f,{},{35.877: 1},6
364ceac844e07ae46d0313dadb8fa259872c541a54b698c4dd7a002bdd7cdf51,{32.019: 1},"{35.87: 2, 35.857: 1}",10
367bb3f06bfbe85ac76c51a043b12f14c06395df445d460ae415f096dd7f4e6d,{31.917: 1},"{35.91: 1, 35.909: 1}",11
3687cdc1773b46ee6767cefa07edd2e41b023958563f4e83adaaf0353d001175,{},{35.873: 1},39
36b42e0f4a4236b9eda5d89b77e2d48d0e244e5d47c14cedf3a22a53e09caf07,{31.977: 1},{35.884: 1},12
36dbe74798b395c4b5966e02ef555b7c8f5928a03a5f162082748e63af430229,{31.973: 3},{35.841: 2},13
3708031a07aca1b7c09d9803577aac9a4ba7aa24870aed5e12d4024cb1a02b16,{31.987: 1},{35.848: 1},10
37442e2d8b094c16e542523d51fcb5ce3a5ef36fa52c284070cf953233115f40,"{31.897: 2, 31.898: 1, 30.084: 1}","{35.865: 13, 35.866: 1, 35.867: 1, 31.352: 1}",40
385b30c132a1ec8b9bef53279b932983e09e59f3dfca1548101840cb7cc337c3,"{32.018: 1, 32.015: 1}","{35.887: 8, 35.889: 1, 35.877: 1}",19
389849604cd9ad29f049959a65d0b2935601ec4b8fcdb52d4d5b3ad0abfa45cc,"{32.004: 27, 32.002: 2, 32.046: 1, 31.994: 1, 32.001: 1}","{35.939: 52, 35.938: 4, 35.942: 2, 35.948: 1, 35.926: 1, 35.941: 1, 35.936: 1, 35.937: 1}",508
38c43602ff73cb8c2f2c3da24a07be96e3295f460e5fbe53e4d6a1d0aaec6648,{31.892: 4},{},10
3922f8e053e1d068a161b753f9148c070698d3d559f9349f28ed79411cd4360e,"{31.97: 11, 31.972: 1, 31.967: 1, 31.955: 1}","{35.913: 65, 35.912: 1, 35.909: 1, 35.877: 1}",153
394991723a5a12faa2b34a5a24813101510956f3b54225ffa7ea4d76ed5293f8,{31.975: 1},{35.881: 1},18
3979818f49a15692da10374a8e5e2ec880af64bfd700feff7b06f9ea610de041,{},{35.924: 1},6
3a1dbade73d171c4f47efdcbb82012b0bb7782872235c4a790ff71353381431d,"{31.987: 1, 31.986: 1}",{35.87: 1},12
3a2cd2dbcf5d09c2f7dd781b9610093b40ce140802192135efe972bd7fc78d90,{32.049: 1},{},7
3a5c8a96d50770349b1b95b2328dbd570587761ae99434d32551fb701959fe84,{31.946: 1},"{35.873: 6, 35.87: 1}",21
3ab9cc531952464fa2ce5d6a127b898e69c9577f1e601d5c6d36833ba66ceb16,{},{35.883: 1},21
3ad2878471f1b79e0b50d1fbbdc82417ffffdf83008ef569091c12ee8241a615,{},{35.788: 25},110
3ae7885ab39255b57986b2b21c664a927daaee24380deea45bdcab95377b0670,{31.953: 1},{},7
3b3cb80f1c9c091e3d8b9f987028b1ac9a8c7e223716361a6215ce380b6696ab,"{31.98: 6, 31.978: 1}","{35.855: 3, 35.832: 1}",50
3b4d0d49cf13952a274defb1c3daf7c45bb0b2d7513c6f22e14dc5c094cd85a5,"{32.004: 1, 30.084: 1}","{35.791: 5, 31.352: 1}",25
3b7bf004225312b2243a4f70288b6bb4d6a7819f5d940a2371c5f507bdfe46d0,"{31.888: 3, 31.89: 1}",{35.859: 1},24
3bab76e0995afc9053517d59e80a14327ebbdcde2a53d2487d794b488dbed131,{31.992: 1},{35.934: 1},15
3bfb86dbe8bbc27fec1b44604e633a22e87637bfe6b61fe9ccf26ee44270dfd1,{31.967: 1},{35.884: 1},8
3c098f30f5b9d563b4bcc5478454239b259db1813ea9a9b75b6b061e517ef2ce,{31.98: 1},{},3
3ccf524304ee83431d2994af22b716b2351d8e7d78a4fe65a7ef9f43b09d8e88,{},"{35.846: 3, 35.848: 1}",49
3d910190acd06c8bdcfeaa044a9c84f36f31e926349fd8675e96efeda0e51aac,{31.958: 2},{35.853: 1},41
3d9a38cd7a4cb82e79ceb392e32ed18dc28aff4d584513daab3c2cca21a6ba7c,{31.953: 3},{35.885: 1},14
3defaefed7b6e81a21fac3ffb1ae6be5e06ef47ba63e7a3c6ae475b891b8ff40,{31.941: 1},{35.885: 1},2
3df52392bb1a035bbc7cf9afd9b80def75e4b83c06b7f256e8ead970ec5e0235,"{31.991: 2, 31.988: 1}",{35.862: 1},39
3e3f0981667db179578d39bad1a4b15af8c96a0ad1427f4019c6eb2426bc8b5f,{},{35.842: 1},2
3e5f8b153fd873e47fe068f3a1fac5d783b15c9fa7ed2101cdd00869f706e9f7,{31.897: 1},{},4
3ea73b7b995f5ab85c4fd6cb4cd6b4e99230899c317ee2954f3fe19967db92c2,{31.941: 1},{},3
3ea94143f0cb6b5eee3d3fe21b237e58a50428fa44d125424087504c1f520330,"{31.977: 11, 31.976: 1, 31.974: 1, 30.084: 1, 31.979: 1}","{35.843: 3, 35.844: 1, 35.841: 1, 31.352: 1}",99
3ee225a1c2dcefd4ee438fb4b0545900f2cf5fcdf2205499e96a188ccee3d3af,{32.024: 25},"{35.851: 4, 35.849: 1}",90
3f0821697dce9ab34d8056ad2de59a2179cdf41ba4f14aacdc040eaa9a53b263,{31.974: 4},{35.841: 2},10
3f7aad7c980fb22a7907e1d717e0595b3943714d6fdf456fc599303f12649888,{31.955: 1},{},22
3f838dcd84f83f31137514d913eaf1fada5d9857742ff4312b7a70f9d8e3c9a7,"{31.846: 2, 31.837: 1}","{35.884: 4, 35.909: 1}",10
3fa44369faa676a1aad9358c4762a58051392f4a2df1fc59789b81bcb96203d5,{31.964: 2},{},5
3fe89c9bf89508201928db7849966370c702903a977b33ca21232933ce3f4a33,"{31.954: 64, 31.907: 1}","{35.885: 3, 35.883: 2, 35.931: 1}",265
3febb13542a6c6c194c9f2c069b0fa1edd75e41ca9d53caa23c3cb50f9896c6d,{31.965: 1},{},30
401173ac8f8081d1099b002a10b45314e344acd0e3b3eb1b02284e8cebd39566,"{31.991: 2, 31.989: 1, 31.993: 1}","{35.935: 20, 35.921: 1, 35.937: 1, 35.934: 1}",145
4050d3dfbca7bf925924448216508c994def333d9cda414bf0e851497c0053d2,{32.013: 6},{35.87: 1},15
412fec67f7ceeda08dfc69b52b27e21d93d0e2041a80b9b3da9f3c268f9631f6,{},{35.856: 1},38
415fbde26ca335d843ee53e000cfbd66ed50da5479fc0e851bbaf5a8535a9721,"{31.998: 1, 31.996: 1}",{35.871: 5},78
422244df4d0c9b37bf102623f3542c6fbd848bf2afc917794e2f0b1e316ac85b,{},{35.883: 1},85
425a7e78825ecbcc611a7910dad63db159123c63d475fef30bbbd1d2bc36a10a,{31.949: 2},{35.885: 6},60
42d9c9538a5cb26b4aea26492d3d3f42917d55e782f82253f99cb246402b5be7,{},{35.848: 1},2
4353f975cdc98f80525dab1b388b5367e5d808733c0651d7a87ffc64d1b3c740,"{31.983: 142, 31.982: 1}",{35.865: 88},384
43eabab5b87a5045c53e99a9e6aa20e500c8ef32ff1df4af16b0e5d146f05c87,{31.939: 1},"{35.857: 1, 35.866: 1}",24
43efbfc51afcdcc5d796b331958302de78c2c4cb9a2dbe7f893ae2fab482850d,{31.996: 1},{},20
4401b0af2ff8268063f26856b2011a58d32cf73e080352a580110f4631d1952a,"{31.953: 2, 31.956: 1, 31.966: 1}","{35.883: 1, 35.899: 1}",88
440fee9f796839a9d81bb772659ba6e4c08832f0274e11a2345cd4a6e6139439,"{31.985: 1, 31.972: 1, 31.984: 1}","{35.847: 31, 35.846: 1, 35.854: 1}",84
4489326d99022ec5feccf10fb5e6a9035a70216255d1a5460461ceb8de9576e5,{},{35.893: 1},15
4497a13c671638d4240ad1f1d4caa955850efcba84c39dd524b2737f79f3e1e2,"{31.973: 12, 31.972: 2, 31.975: 1, 31.925: 1, 31.97: 1, 31.966: 1, 31.971: 1}","{35.853: 7, 35.878: 1, 35.846: 1, 35.857: 1, 35.869: 1}",171
455d926e075ea8d00945ccf3344ff67c18dac72e0371f5ca167c72eb3c2ab00b,{31.956: 1},{35.884: 1},7
45ac092e11cb9699191e619eaa332d53ee9be8d0786ec6f8de8081009b8af911,{31.982: 2},{},25
45e3220f075184518f23dc1fbd12341db9549239a5bf9713c282355ae7615d8d,{31.96: 2},{35.866: 1},9
45f118d36b0ce07ff41820fe9c6951ef405f09d7b8811452e5cc2ff51998b274,{31.991: 1},{},14
4647dc65e53464eb86c2ca330ec7b277f8a62223603686267aade155da8aa5fa,"{31.95: 1, 31.942: 1, 31.952: 1}","{35.871: 5, 35.862: 1}",41
464ade7ca1764a3a225469711cf2da09a9b5d9f36bd354df090d1e7f88f1a20c,{31.975: 3},{},16
46e50a2446506c7fbfb807430b7fa7436d0feab4f3b4e46adc19e6556952a327,"{31.957: 6, 31.955: 1}",{},35
46eb0743541030273034baded0b088a41fd323437f025ad3f2767f3556cb2ec2,{31.975: 1},{},6
471c413808bcb33f2afad2a7837658647c827b887b971547f265fa3745f4a087,{},{35.884: 1},20
47cd70b25c17a53c35e670ca4cbf17aa9b4a9962664b14a73a7f134304ca38c9,{},{35.87: 3},25
4829cd25ef775f9975fb03b9233dd392db8761240024f23a1c2107c968a786ab,"{31.972: 1, 31.975: 1}","{35.847: 2, 35.849: 1}",16
489ad464f28817935fb2bf2412e38a089424e1980e324f402c0bd953b409fb06,{31.925: 1},{},68
496372446b26a6a93ba9c27f086df150e8a664e316d11deab2983b3034d82fca,{},{35.855: 3},26
496cbc4e411d1d1d7727a024359a2d128bb1d34d20cffe4fcd9b7ae50f2d71f2,{31.98: 1},{35.923: 1},6
497f93c9a7e40beaee741830e62fcde54e918c3cdd17e8e7305f843c8c090621,"{31.984: 2, 31.977: 1}","{35.847: 2, 35.849: 1}",33
49d854ebd970831a26cdafea9ca1441f6106344f5c3f242da1e7a29177c1aba8,{31.976: 1},{35.842: 1},14
4a0e3d99208a2d964c804fc67858f231384919bf6114e6521a97143c3e80ce8c,{},{35.884: 1},4
4a611122aaeedb595a05c945283157d9cd30953340e127b813112dca5bd85e6c,{},{35.836: 1},11
4aad2a962c36963d950b07aaae0fce65b613073358d4996f36cc1e63ce73a5b2,{},{35.861: 1},18
4b39f398d374bacb1b3a49e47cb61e8cefaf8ee0b47e4fb3695214c713ae7cfc,{31.958: 1},{},2
4b5abf83d06931976310117897f75ec6b639542035aefbe6c47aa7f2249d06e8,{},{35.853: 2},4
4b5cc3b522ead7370679973b68b8035c442c2007aef479e7acaadd31c82c69dd,{},{35.875: 1},24
4bb2e31b684062c3674f1b2a7f92ed4c8d689ba2a6ebbeef1fa5165436d4600e,{},"{35.837: 2, 35.835: 1, 35.838: 1}",48
4c113b5cd54e982fde787d55d3b08bf44fcf69e8bad3c1ae27157c8f06ff5634,{31.918: 1},{},13
4c2727bcd773cbff211eae576b7174e19dc848cfff527fa734915875382c2420,{31.994: 1},{},8
4c3a8cb924ffa55360edc6aedab027ceb422089eed42e1e6206b90d64cafb479,{31.947: 1},{35.864: 1},17
4c49a4095574c7eaaad1ea581098df424c181b2e5be57b2135d756dfb061addc,{31.921: 1},{},3
4c4d4ad12879812f5d4cd46f37278add1979ae6f1bb4fe42b02013061225dcac,{},{35.844: 1},3
4c71b760d9edfca531eac435594e4190af19a2223db035bf448cbbe003beaed2,"{32.05: 1, 32.048: 1}","{35.888: 2, 35.885: 1}",34
4c8114fd4f7d8c6bdbeb021390ea13c1f47b3faab97fee05195888991eae1da5,{},{35.94: 1},3
4ca2051b04fe75c730d1089f96885349ca001df339d4580f340d0e21d3aa94c7,{32.011: 1},{},24
4d614c59f49a422ce2b08a75b488ac9cb084b09d25d097a3f909554fef9bf94b,{31.942: 3},{},7
4d7610aabbbd92d1a455de5908def7ebfdbe355e5ba278d245feebc3e37fc9e9,"{31.979: 1, 31.981: 1}","{35.838: 3, 35.836: 1}",32
4d7db3295bf15fcc09c5a1252cf5ed42febf3f5271ca015f974c45b77ad5ac04,{31.973: 1},{},26
4d990496a03b0490fb10a587f99ede5fa7a599c129647e8fe6bd11255e37d515,"{31.974: 8, 32.005: 1}","{35.842: 6, 35.845: 1}",31
4dac2476249292840ee9da8c74586c05bd0cba4ffd5de21815c6cdd8d8bc8401,{},{35.864: 1},4
4e7c279016642e293dbd75d56015daf9a2a7be89399385c1c3c67c595f25c6a8,{31.949: 1},{},4
4e8acaf47dd315155d020a506b4096d3177019d1704852a1615532a0e4c69f9a,"{31.995: 4, 31.993: 1, 31.994: 1}","{35.87: 1, 35.872: 1}",26
4ead4173f89bb6c2b0fb1028f662896e62f9010339758bfe6465770abba95265,{},{35.863: 2},23
4f5ac2df7e1a42669c41f81f74800a1be70c6886c0dc3988c98b059b9a356fad,{32.004: 7},{35.889: 1},49
4fb347491f30609a9d2aba9f65be3eebd17b7aaf1429d714662fb0db5c89bf87,"{31.999: 1, 31.998: 1}","{35.844: 2, 35.845: 1}",54
4fd983efa04c08d89d19198bcd753665d8a2f45a3c04d2e3ec088c90d6333389,{31.949: 4},{},10
5005ddfa8235f5d1c81a8f56be0449ab32f64a3e2c4c7cab5dbf44449d60f169,{},{35.907: 1},3
50335304ba83c601d01c9549ee8946cca4e9abd08efc800faf4e80cdd3fec87a,{31.948: 3},"{35.864: 1, 35.866: 1}",16
5067020f51a394daa5eea6853914e8bc982963f355b148c003f8c45630910b1c,"{32.029: 15, 32.032: 1, 32.031: 1, 32.02: 1}","{35.872: 49, 35.871: 1, 35.882: 1, 35.877: 1, 35.887: 1}",144
50b1e1c3d1c2f6700810265d95e2b57600d2f4fe798dc60da6b72c3897c4e83a,{32.052: 1},{35.883: 2},44
50ce142979957d331c5715f71b109d7f9b5535362b80609d0cf03098c072ae1d,{31.994: 1},{35.871: 12},46
50cf416509dc3d36a5d9f11cc6728f13920b7330182116eb2d94d3b503a5918f,"{31.926: 1, 31.912: 1, 31.913: 1}",{35.808: 1},17
5108d1456701ac8fbefc19b9c82e3d17ff4d78d87413e269d41e58d0f6a19d84,{31.94: 1},{35.884: 1},30
514702d5d4e38955d57274e24ac75366aeaf1b5e6b12fa2d9cd6dae4a65d40fd,{31.995: 1},{35.831: 1},67
519c64919be85c62ac73e492f4350ff68ec61632d64fdc1c97801b8fc17c5073,{31.974: 12},"{35.868: 3, 35.87: 1}",45
51f8748d5985225a32dfbc681a629a186f9fdc6a9918968aad9ec0fdceb158a5,"{32.009: 13, 32.008: 1, 32.011: 1}","{35.832: 2, 35.834: 1}",44
51fea46d7c7d7597fb33d4b56b0b008e119948dd2f08a0345f17e07c7bce598d,{},"{35.988: 3, 35.989: 1}",11
521112a6ce0f60e8063afcbb49861c9146c028f72ddb6b9765a5811a427f4d2e,{},{35.854: 2},10
521b414fd7124d78ce64099d321d864be907289005239a5cc677eb20ce8f8d9b,{},{35.848: 26},239
522071c076ebb3a4446515b5bcd464a0fb69272b7be68b5e70e7040f55b0f42f,"{31.952: 3, 31.95: 1}","{35.873: 8, 35.871: 1, 35.875: 1}",352
524a984ba7dada202141cd25da89933bb2394cb947d5561bbb8c960e5660dc41,{},{35.888: 1},4
526cfd880285543817b2408e665eba3a435bc3b2eabde322d245702fd0e803c8,"{32.004: 14, 32.002: 2}","{35.936: 17, 35.935: 1, 35.934: 1, 35.938: 1}",101
53676ba8b2390d661d169f09986aaed665e01a15be111e04ca425bc711ecbaae,"{31.993: 4, 31.991: 1}",{35.811: 1},41
5424900535cf02de50ef540bc606e47c7be0759d97713b738314733876ed964b,{32.013: 2},{},7
542d7df6bb2198218252949af78466977556e55219d618b16ac651813872fbab,"{31.996: 2, 31.994: 1}",{},28
54ff890cb4f8cad527935c7d3dd535533825c9995111efaf175fd69d39c26fff,{31.948: 7},{},16
5522128c2539407f2e2a56c46cd9cacf010b299e72710d87df836470e5faf8bd,{},{35.865: 7},18
55854a49136d7ae86898ce39734c8c571f574a74026a6724d48585a67f2ec399,"{30.084: 2, 32.048: 2, 32.05: 1, 32.047: 1}","{35.873: 1, 31.351: 1, 31.352: 1}",43
55a59335f9669662f494b60c24e99a4e15b0b59187ee932b4bda7f32b774c023,{},{35.851: 2},12
55cee0b680ae4ba1101a826988db02af4c80814b5c4e2916b87bd289e5cda6ab,{32.029: 1},{35.872: 2},13
571bf1f7231c06a418351f4ac86400c3430b1e728f7b807d4230799121d75028,"{31.899: 2, 31.909: 1}",{35.857: 1},7
574683177d66212240dd9874517dc10e65d0f266daf512ed49bd128fa7363aff,{31.949: 4},{35.892: 1},14
57acfafcc857d5f2ec6ad9be2b7b57f92b276d9b0f196d21b4e66702b9da595e,{31.987: 7},"{35.866: 5, 35.869: 1, 35.868: 1}",130
58101f141bb9797677784c8b531d551b1faa5b91b0a22b6c337c35be5fcd01ec,{31.996: 1},{},6
587802e9000745da8f2568eb2041a53aa2579d16e93b8cff790b0a2aabfb999d,{},"{35.918: 3, 35.916: 2}",27
59a92bd4ef2678cbb7ead39d932759a1e1cc0b5c6666e829243018342d63ed68,{},{35.865: 2},14
59c9741cccddddee57efde51c39a7a78b115303d49f7848b7f745b6a834c19ba,{},{35.878: 1},33
5a191710a2420534d8a067ea48e3723cb5fa85dc6f06748fca9d7c1c89d7f9a0,"{31.92: 3, 31.918: 1}","{35.907: 15, 35.905: 1}",66
5a1cbf8576f879e2db97a5bf9b15f903dc9a2e1f1cf7ac1b30e923708361ae52,{31.954: 1},{},5
5a412dd645bb4459bb7dae312b1c68f5a32ee8d17fbb61652f3cfa63e545bde2,"{31.973: 2, 31.976: 1}","{35.894: 7, 35.906: 1}",32
5ad85d6eedb8dd3db4594cdd8d1700bc0bd14be4d596dfc05e510f76f3c08a22,{},{35.892: 1},19
5af3c8a813d94af31d83e9495ab94afdef00872229abe8126b6a8ecdecb5c3dc,{},{35.845: 1},2
5b1b0232b605a7c998054eef155ec84eb40dff7f325482182260812dd9387a5b,{31.985: 1},{35.866: 3},14
5bd0fdbde158d6273f1a528e90d775a729ce52f03f6013e7bc6bd58c04c155e5,"{31.951: 1, 31.952: 1}","{35.873: 24, 35.871: 1}",111
5c247458f6474215edce4d2c180edb3a55d5e94e8a60c4a9b2cb51ab5c589014,{31.921: 1},{35.862: 1},7
5c80f86c6107be533b20e092c38e5b5792307d7592dafe8efe3cf68f6df73f45,"{31.978: 8, 32.031: 1}","{35.842: 9, 35.812: 1}",23
5cda27f37f5b57f15ed70ccf480ae31be306898203c16fa0e0b7409558e54eab,{32.023: 1},{35.874: 1},12
5d0b4c6c494954c882afc941a35a557427c25c8fd9c1edc56bdedeac9cc7ccb1,{31.981: 1},{},2
5d3a054bd55770ac7eca33a0347e190b00406290da5856a1473297c6478740ff,{},{35.878: 6},18
5d96b2f31114b95e95faf0406dfcfb183adb3884d46d79d9758510afbce7480c,{31.948: 4},{},14
5e52a5ba13051675b117c6fa11ab0bcf33f4029cc2f6b5ba4aabff9703a4ac44,{32.014: 1},{35.843: 1},33
5e5de1ee54158f89d775bc7525758d9695d64ff014d2033e9c89e581756527b5,{31.985: 1},{},29
5eca1b47e728ade1b84e907598bd5051a439cfb4cd08f2bf2fa1aeba693a476b,{31.972: 1},{},8
5f15b491e696a8ad1a538a6d409a33e5a1b7fc4bc3fab14a8662d7e59e4fa680,{},{35.873: 2},15
5f63efc09056886788096c792b5aa9d541d1e080a684e8cd104c5c40e02a657f,{31.965: 1},"{35.844: 3, 35.883: 1}",22
5f67beb74e1f7b0d9831627688d04099e29dd8e093bc3500bc907dc2a9c4411a,{},{35.86: 1},17
5f7dbb540409995c5f31fd80f81461bceb228653ee3f8d6897fe856abdc8ac79,{32.023: 1},{35.844: 1},8
5f83f11c4dd0e1785f38519717395330481d4c8fa5fbbae18d0f70f4f1f4c6a3,{},"{35.835: 1, 35.836: 1}",6
5f85d9063e1bbe97afc9b4c33fb5968306d152958230b32bbed401b617e0811b,"{31.96: 2, 31.958: 1}","{35.864: 1, 35.863: 1}",43
5fbbb2987c051f760ad7af172c87497707b93078219825697b0067eee9f23836,{31.968: 1},{35.918: 1},2
5fd8e93f70220635388678b3c3205d9a1ca09e1815ad781b3ead9c9eca720fd4,{31.959: 1},"{35.858: 1, 35.86: 1}",13
6030f05416c3454674f4d9178a4df8277cec8d3cfb83e63c8bd7b753ac3411e7,"{32.004: 1, 32.0: 1, 32.032: 1}","{35.866: 19, 35.871: 1, 35.89: 1, 35.869: 1, 35.846: 1}",97
603ba2a2d80966eddd6e4a80a4e1a6b8f69b7056bfae551d98260fbc8770fc32,{31.974: 7},{},39
60c4e52e1a0809e45a1d32e03d3c0357d8866f9e406dd699de49401444aa627b,"{31.996: 1, 31.998: 1, 31.995: 1}",{35.884: 1},182
61ac0ec062e0968af8f1ccdc493ad5fb03aa9dc24222b67c95eda4c7b9d6f432,{},{35.873: 1},5
61d90e260f70ced8d0af99a992b83eb0215dab98e995e899cc03cee8ae391c15,{},{35.849: 2},13
61dec58f1b15f6ef12b53a5665c17e42beb7920e9a19521ca1760876c7f4e7ca,{32.062: 3},{35.879: 1},7
623300bcc1a9258fc24305ef14bdaaebf7f77c11034d061021bb45ef5654d734,{},{35.927: 4},22
6242bd5011a4325500b03ee10cb2e0edcc6f775e922ad697f72429206c0e3380,{},{35.879: 1},41
62d4eb16fad43c654d4590bd856e0e04ddc2031ccac0cb8b4c57ba7b4b8a0b0b,{31.954: 6},{35.885: 1},51
62f2126b0514b027a1945a9e6c6ed78733c08191659ccc1c91e405e234871d4d,{31.948: 2},{35.933: 2},5
6309561f2b1dbd868179fdd7b793acae6755ff7c9e0d3c3c1590887f4b23094d,{},{35.897: 2},5
6328f46c99fa09ab7e04fabcdf5e8a10431375f49ee11f2bdd15dbec9508f4ed,{},{35.883: 1},3
63ab370fd6c99848b412f7ded1d5f97ebda88670e2ee21f18d7bf84c5d53cc37,"{31.958: 1, 31.955: 1}",{35.982: 1},27
63ce1a32e13c6f2ffdd0704459b51c04c3c706c7ce8a39c6d1bc85730750d79a,{31.965: 11},{},27
63e2e76b8d577abd599a22d16045705352dcdf2cf66888da3e89b88929de39ba,"{31.998: 2, 31.999: 1, 32.001: 1}","{35.841: 3, 35.849: 1, 35.846: 1}",112
6419d05c75362f253d24ce2e041c3a094312dcb7f9b69166f572c6ec45d02d07,"{32.029: 9, 32.038: 1, 32.022: 1, 31.954: 1}","{35.872: 16, 35.884: 1, 35.876: 1, 35.87: 1}",176
6420d8b5de16d51fa4d46d0bf1fd227cfc75dcc3d9411965ad0ddfaf75de6fa7,{31.896: 4},{35.866: 1},11
644015ae9309d8d8aa50a0b19a0c6e2f0a1e45d44ad37f0ba44be51c2aea7f09,{31.958: 1},{35.864: 1},30
64617af018d28718cd558f9005b46d19d1efd4867d857b7212675e81ec4972e6,{31.949: 4},{},31
6463dbcf3a1beb26ea5e700b284f6baa70ed6a5c450937df7b1eb8b44abc80d0,{31.981: 1},"{35.836: 4, 35.838: 1}",51
657b42dc863c145d618c2296c5fde5b3b3e45be3888e8092e13175dc6282c6b6,{31.984: 2},{35.885: 12},34
65adfc57f40ba7e5fea73a0da93f70ff3074ba38ba7b54845e1c7753cd0c5d62,{31.984: 1},{},4
65b858e6523b1fb0ece3431aeef7ce69aae234df8f32a70f5a14f2a48042f1f5,{31.949: 1},{35.857: 1},13
65e345567aafb0e63f9e4c9e1366edf33a43c7e8aa4ff4e05ebb9f424cc183b0,{31.97: 1},{35.842: 2},7
66aec4cc33561f594395c1ecef7c82883292e96aa4e37a45062b4a55d011f0ad,"{31.957: 1, 31.959: 1}","{35.864: 1, 35.859: 1}",69
66d4f32a374b1f2b2045e02cedd741ae81ead4a3f99392095b2110faaed5ac83,"{31.939: 2, 31.958: 1, 31.947: 1}","{35.869: 1, 35.852: 1, 35.857: 1}",123
6758565b2bfec10b72ba5508db8b5a62c6de5bd6bc6e5dcfca2d35ad2935688c,"{32.004: 60, 32.002: 1}","{35.937: 15, 35.935: 2}",124
6794fe5a251512077cda573bddbf2466dcbbdbce2b99807a676d2afffbba63a4,{},{35.898: 1},2
67f1f69ccbd0a474dbb458ce00d76d0df1fc02d83abd81f7567f983b371a9882,"{31.996: 2, 31.994: 1}",{35.87: 1},92
687227fba531548aa8fde03481515c182768b9a908de66ef942bdebec90e8069,{32.025: 2},"{35.856: 3, 35.858: 1}",13
68944a2891c921cd30a0396c4528858768536b4b4d2b9d7232f62f5f4393bf97,"{31.968: 3, 31.966: 1}",{},35
68aea5a075528eee93503015ddcc8c02d9732eb5fee3a690447ae8161568c3f1,{},{35.843: 1},10
68c7325f619d15f9843252dae534a98facd99b8276fe270c8efecf165a762eff,{31.971: 2},{35.834: 1},16
6919af5d0d02d92ba34cf8261e3fd16c0acfb22ccd765b0d6ecd2afd5b04ae05,{31.974: 1},{},9
6972a95aac93be1d16b6f95eb528cd6219ad3f6ccce68c1c555cab3782993c46,{},{35.866: 1},7
69a2cdbaa848a0c3de5a507099a74804c4281d664815db4900ec33bc346bc91e,{31.97: 1},{35.932: 1},4
69eb6e8b003f60fdec70c17cef9a764f4e9355c131503b0bd315be8a5cbe371e,{},{35.85: 1},18
69ec7092875813fdf66d780c8de03858e7819056170302e6f766d42cba493372,{31.998: 1},{35.871: 1},9
6a2c04caf7b07e793696d5777ddbf83e9de5a647020c220d9d9ed9172713aeb9,{},{35.87: 1},5
6a519fa83dfe07eced3cc27c633c9e0e0cfc0b457c06c09e9c01448a6cb63ea6,{},{35.839: 1},3
6afb8cc8e23e15183f7a1620907d21f5d8f245543484d9bcc08a5d3e814f74ca,{31.957: 1},{},19
6b00bd752b132f78dbc4422097486c3fdaf7865ff771949b30fd667b511b36a7,{31.996: 1},{},3
6b226afd5b8b68801440ddea205b4e6d198a1b6cf130a0d1708ad3cf551c90f9,"{30.084: 1, 31.958: 1}",{31.352: 1},27
6b3017dcaf73e53ca56cc17a869cfac3d84bd75ed70ffbea2f9345683f9defe6,"{31.986: 5, 31.982: 1}",{},14
6bcb3dcfbf9814aef3764c807e2c5ac4283ae73dc4417be478fbc9d56d198139,{},{35.861: 1},11
6bd23f604dec0c51b7835d38d12e9c6851708bc2c6704bec7dbaf2bb07378565,{},{35.898: 1},4
6ce0196817ea7ebeae9da2fd28be1d7f851bc1c605dfcd16dfff820eec720211,{},{35.832: 2},12
6d15356d9c7fa239760ed9fb45301d3e31e0743104bedd8a0c480906774407b7,{31.892: 1},{},33
6d9f7df8a5a159857187681cf5389732c67f663d469e0c1c4c9cb5c38d10be19,{},{35.789: 9},19
6dcf7248577f4db568101281864c7c1165f9b9d9ae7ad2d8d37aa26e0c0ad240,{31.956: 2},{},9
6ddc8a0ae3594a6395278412f61f6e053fa6c1beb014241b35753fef9f7b0967,"{31.907: 1, 31.922: 1, 31.909: 1}","{35.861: 1, 35.86: 1}",137
6de82b0e6ceb471865d0b38aa81936c5d3e64e51abafb3154a02ae89788001d8,{},{35.955: 3},14
6e0ec776e7bdff1b131388585b90c0805282c1f2236a0d69082af6abb1ef63c4,{},{35.874: 1},3
6e1fca3716aa612b0b92ca58f98b1c6eb56ffbf6db68bef7d9ea1f5fcb6df0c1,{31.92: 1},{35.907: 5},28
6e2e4729bcdcb93a8784cb782774c6efd8ac14c0612f99a6ea2de322cc834749,{31.977: 1},"{35.948: 2, 35.946: 2}",57
6e8ffcc255343cd4b621277b43eeb4fc5ddd46654333b6e77958da344ce52fb0,{31.948: 7},{},24
6ee7f0c2c0cca750d94162e2d8d6745355c25ba70b8e5c427f3594d13227740e,"{32.015: 6, 32.013: 2, 31.991: 1, 32.011: 1}","{35.868: 19, 35.871: 1, 35.87: 1}",60
6ef241819d9ac5ccc68cde77782a504711eafa16c6eb10d849ff324c26c9e391,{32.003: 1},{},31
6efb9b35051d7fc01f36957e589228dd2df695a60296889caf312618c541ae33,"{31.981: 2, 31.979: 2, 31.986: 1}","{35.836: 10, 35.838: 9, 35.833: 1, 35.835: 1, 35.841: 1}",118
6f17ec83dfb61e4962fa8ec084d95c0e1b3579099dd841e363b1d685821aea73,{},{35.917: 1},4
6f5ae5e71fa7c3382cf891bcc421403043acc950c7835a28f964c38c2954c7e9,"{32.028: 1, 32.027: 1}",{35.867: 1},77
6f6ab5c2fc8ab8757ffebc0928443c448bd494f6c44979b81968e6b299a7d8f0,{31.978: 2},{},18
6f736e3907e487f89dd86a1c6b05b90762231c9fb598acd954f386b231e567ad,{},{35.785: 2},5
6f7cffa4795c97f5a7be5c776da67159d3d3ba9454f88bff3f8774b7e79c02be,"{32.003: 4, 32.012: 1}","{35.938: 2, 35.934: 1}",15
6fa6fc72a4c81f0832b26d50d3ab53f66885f73a45098d165829049e1c1f7cdd,{31.975: 2},{35.848: 5},11
6fd39eca02fefd6c22ce305fa801eb5d89fbf88fbce7cab3298dbdbca821d246,"{31.985: 2, 31.983: 1}",{35.886: 8},47
6fedcee0bafc27002e0994dcc3f13ad283e9cc0b8b28cc44d1ca54265efbd154,"{31.993: 46, 31.991: 1, 31.992: 1}","{35.921: 44, 35.919: 1}",103
700bd6346fc71397091ada180f4993649a31902174b75101282ae569ff121fdd,{31.914: 2},{},8
7082ba36628f9b9f3d86477b0a9b82d104ec48aba20deeb54d01aa570e48a5a7,"{31.94: 12, 31.91: 1}","{35.884: 2, 35.879: 1}",357
70a03569c10bc47c066365d21e36ae9e35d1b339ef9ea5d7f32f5dab017ae981,{31.878: 3},{35.841: 3},14
70b180facd7490d32cfb4d32ef84bf436bdf6a8e5e1ac2fd2c10b9a765bb228e,{},{35.96: 1},2
71501b1e875b09faa6ffbbcadabb68c0326a6c71bd85e87395e4681c0ecc2d53,{31.915: 1},{},11
7150a2f50f4172a73aaa5921efeed167b9a20bc4b0c4d18c9c645dfe21156bd3,{31.957: 1},{35.854: 12},75
71879de9cef62bdc11f78167cf4874c905cab56a02be9ead08685ac6e5e42ec4,"{31.996: 7, 31.994: 5}",{35.87: 4},179
71949f8cda610f0c3adae7d858cdba49a840edf1c1b927a5b84c7fc40a977198,"{31.949: 12, 31.946: 1}","{35.893: 6, 35.891: 1}",179
71a713f64a70b17fae7a9bd34bbe2fa7f8ac7a3c4f3742fbef1b30dd66dc6bed,{},{35.848: 2},5
724ebc312ffda9864bb3575cad4a85270bbe0be57be6ef93636f1537f19e4f91,{31.905: 2},{},30
727de106af3e8dfe730dc2faae637214be9381b39691ab1eda1d0f3858825061,{},{35.852: 1},15
727e89beb142599cbfabfd245514e020bf12d14adcbf5833282de2391d8b68f0,{31.916: 1},{35.888: 1},7
7281b1ec5fb54c262612a919c36e670fdb81fa49616f44b742ca05d2a2a297b7,{},{35.935: 1},2
728aec3712bdd39bccf37dd8aaa5237f28d1ca03c0bcc81461e4528a4b0e28b2,{31.947: 1},{35.866: 1},5
72995ac234df61ba696059827f67922bf453c7b23d21094ed57d1cc793fa3968,{31.955: 1},{35.927: 3},7
729f5f830616f949eba426d74880811b067f69c1a02fe8aa0a9f09e494351403,{31.98: 1},{},57
72cbebd959f5e4facf868f84fe5d11a1f9d14ba6999d6639047793ad1c21af86,{31.976: 2},"{35.864: 7, 35.862: 1}",81
736ecc1a97f78b73980e67abe9b7abf563d04e1cbe03a315ce9196f7dc245cd8,"{31.977: 2, 31.974: 1, 31.975: 1}","{35.855: 2, 35.846: 1, 35.857: 1}",38
737196223279450b47416f44028b001f982f46dbaea10541d65bc06190423141,{32.016: 1},{},2
73847326ec3518d12a6117708985e550e2d6811c051f3c4e917c13184d03c1ca,{},{35.878: 2},32
7450901a16e8ed816b731201f6700fa4eb937b3e73fa9675dcdbedabba6908c5,{31.974: 1},{},9
748e29ac89fee13b5b352f8d29a11fc47f972e34720239eef93985b3ff9ba6b7,{31.964: 15},"{35.907: 2, 35.908: 1}",38
7491e12c576a0a93ffe0e263a216ba83b0cf5a64a4918c29cd2a315f6837d2e5,{},{35.871: 1},67
74a63add15d3f87d737e8a13ef6ac053e0004610e69c8becb51da336424f81ed,"{31.976: 1, 31.938: 1, 31.941: 1}","{35.887: 1, 35.848: 1, 35.886: 1}",10
74f57d4de8b2e431464556a88a364e36fa78777fd24f357ab685690b5ed39ccd,"{31.973: 1, 31.97: 1}","{35.898: 2, 35.896: 2}",64
74ffb9b6b30f37e1f61ecd665a182a7bc9d3e0ce2358caa0f3d7ad0048cbc61f,{},{35.837: 10},24
75069262250f68faca5f326f23f32164d3d0bf1bced891157a1a1a96a636ad54,{31.976: 7},"{35.934: 1, 35.929: 1}",32
7516557d194c712d2a24b54b1b652950d4c5b6a5a8f266e68f880d3403f41bab,"{31.934: 1, 31.936: 1}",{35.914: 1},8
75784daf4c804d9d6c05fe0d9255afb24f8cf83b5464a3800087c062c710ef73,{31.887: 1},{},4
757b6c66dcb58c5c57cbf553737bea369fa02f32f0d066c1c083357ac955dcbd,{31.952: 1},{},7
75d8e5225fc98abcfa10b64086292a6c5385c7c3db1457bd001492c24dda6c7a,{32.022: 1},{},9
762924f572f5de9f7302b0eaab82dc13c4aac29e30fbcbb422230a555e397e21,{31.974: 2},{35.874: 1},5
7635aa40aa43d3ffecbf14681c1567ee02ab00aadb7e9391176c1e76188417e5,{31.975: 1},{35.847: 2},22
77cfee5cd870471f39aff86ce1f0d07be8569a9b3ba341d2935168befc715d87,"{31.978: 2, 31.976: 1, 31.975: 1}",{35.844: 1},16
77dd80f93b4849d5b225be9a637534b1b42266429a2bdac07a95899dc2673395,"{31.947: 5, 31.949: 4}","{35.864: 2, 35.866: 1}",33
7806fab1730878d0a0bba44582d96fb8f0798b22347d35698107f4b703686d6b,{31.997: 1},{35.859: 7},16
784a2a8ba3aaa0d5c156bb26719fda6f0143d234f2257e252859d6cec81267fd,{},"{35.883: 6, 35.881: 1}",14
788f754ee73c70ca562672c7fa1fe4314156ccf56ff96f9e5cea113b59cc3051,"{31.954: 22, 31.956: 1}","{35.856: 15, 35.853: 1}",125
78e17eb3011da83f314e70dad15ec5f64ac420ee5142d65075c4622296fe081d,{},{35.884: 1},8
792a8299eb5d9a482c77ed82d62aeec320984fdbc1ce1fda79ffbe25c0193f6b,{32.014: 1},"{35.867: 1, 35.869: 1}",25
7953b97757d5142bd8b908d475193848f2e315c1b58e686aaa5f5747599711d8,{32.028: 2},"{35.866: 2, 35.87: 1}",5
79a8e5c5f53aefa01953ee1a592cce456f1f21c9fa24cf9f4218d4e55143d7d8,"{31.986: 1, 31.963: 1}","{35.86: 5, 35.883: 1}",48
79ea6c54f2f30dc62d3382c8076e3bf377dd4fdf335811ed147d1b3409c4c8c3,{31.954: 9},{},23
7a30c355223ba5a2b0f1391f8e402ab475a74a2f65f87b3e3db9792b5299a04c,{},{35.909: 1},3
7a3670d0ec9fa2b0ee58967816592b12c840603fa75b089caa6d5dbcb2513dae,{31.957: 3},{35.927: 1},6
7a4b8672d6d43b9aa0e6204599cad0e22a28020e1c590d8e70b541f6dfcedd58,{},{35.844: 1},5
7b6f187416d10c42ea87b932971a8b8d15c06d4fc7886a906243d03f2d18b36c,{32.03: 1},{},2
7b8e3ef1b98d3f108ce8956bee51ff31215f72e4a7704e78a897c69c3b7130e6,{31.949: 2},{},15
7bbb74a9818cf821111f1fdd6928bad21931698dd8f69b17f0a5de54ad2caffa,"{31.996: 3, 31.998: 1}","{35.853: 7, 35.855: 1, 35.85: 1}",41
7bf52d394dac03ddf4f0dc425fb4252ff492820d1454c39c5fc7c14da56d5c96,{},{35.977: 1},10
7c2aec7f7ae8be1259575a1dd7f0440b8cbb541a6738675161c5bbb8aa161df0,{31.992: 2},"{35.865: 12, 35.864: 1}",265
7c96ddd07b5438f3391eca9589baa1d2a4bad8f9e9f7729c1e14a6e9865e5434,"{31.974: 1, 31.978: 1}",{35.882: 1},92
7ce13ce57538f088c2eb0c97a95a5fcfcba32fe4f0e5f9b5f109764180d15675,{31.952: 1},{35.915: 1},8
7ce4b1a571f95117430d59c519d63b09cd27b3454f3b483774d026c8ef9979f8,{31.969: 1},{35.885: 1},21
7d0ce663e9240f07d367ff25e84082efbfae91d812ad316e6228ff1a5669fc28,{31.985: 3},{35.883: 1},11
7d4b0f92323f8745ff9c6db1bcd0ed9694cef292b104544a2a2769f543dc4877,"{31.952: 2, 31.954: 1}","{35.932: 1, 35.934: 1}",6
7dbfd985af95e80fa9b599827a8fda66bd5fc319b9432060ea2b6d24f8385dce,{31.985: 1},"{35.871: 1, 35.864: 1}",27
7eb61125e8d38b4949c9e939d95f50d3046b62afc3c2b2a702c495e3a8bcf72f,{31.974: 1},"{35.87: 1, 35.872: 1}",7
7ed3b35dfbc90140295b979dc8d11df9e9d8ff4fc8034c58afb3e9eb3cb5d01a,{31.949: 1},{35.885: 4},12
7ed95f8656083b306fd6afde784a405f320534fd849abdc67af3f300fe15cd78,"{31.975: 4, 31.973: 2, 31.967: 1}","{35.853: 4, 35.855: 1}",47
7f49a256db9d2648352540823c7516edd8d3603683c5c8f721ce59a8cf25e1ce,"{31.985: 1, 31.98: 1}",{35.855: 1},47
7fd4f5e36abe2f1443fa46964520a24ce32c7f7c9655ee49c0373aa6a4ef8819,{31.983: 3},"{35.889: 2, 35.89: 1}",42
804cb14e2117be77c7549dc0f6e280ec630eb2e58bcb964ac2cb11cc2493386f,{32.05: 2},{},42
80665a8fd4395065b2dc181cff215614a9ed155c7a569dec740b2c833b442830,{},{35.892: 1},13
81155d69495e3fc9649fce7f10ab737cc495087910b79ea5ab970d743f2906cb,{},{35.855: 5},11
812fcbc09cb40c6249d43df318ebccdd4b351cf6767eae07d256a2ece9eacca8,{31.983: 1},{},3
813d2e44b672dbfc3b883c23d6d3cc9b54f3e82d02959172454ecd858cc4e119,"{32.021: 2, 32.019: 1}","{35.87: 2, 35.867: 1}",70
815cbca0a17596d7f100ed581fb86bdb6cf0a418fe9c6774f131ee47a9456489,{},"{35.937: 7, 35.936: 1}",41
81c49bab6f3496090e3f08230b6de7796b1c7550412ac196f793a42ea914b774,{31.964: 2},{35.909: 1},16
81fe4e998f9471ecdd3694afc6384ee4efdcafa194ac6ba1d154b798cd931e7a,{31.902: 1},{},3
8212a3fd1b602ef18a59a4c41170357d87948cd20b2c683f88f8bf2e5f113d8b,{},{35.861: 3},20
8234776b573c2f97a1d6ea52062dd1cd7369628bdad8ad45c5da92d242e4a36f,{},{35.867: 3},10
82c8e0f2ffa823d27457d6ef4239badd24c1641a88c5f2e5ba4c3980c049c039,{31.957: 1},{},3
82d59947187e9dd67a284981c0cbf777fb5d857661cf34035e8eb3758cbbf27b,{31.967: 2},{},12
830309627bb9b07deb613b14617bc1bffb82ec44a1c7dd149ebb35efaabfb303,"{31.955: 2, 31.954: 1, 31.951: 1, 31.957: 1}","{35.856: 7, 35.819: 1, 35.854: 1}",48
836e779e7db33e07aa963088fb889ff6a8bea7a2166eef7e2dc0cc63866dcb3a,{31.987: 5},{},18
83b9e89af2af9509f7942819c4936415f478925f7fd2427132ae5a913448e7ba,{32.003: 1},{},12
83db453797a80f5e9aa80c5d65ce5b39cab440ed0fe3e9f9afd6fc8fbe876a24,{31.96: 1},{35.912: 1},5
8411fa5c7d8a75cd99259bcb6ba836621be40b4b66a72d67479cd28f7b6cca9b,{31.89: 1},{35.861: 2},16
845cff04e168adc90b2e4c0037d31a3505726cf3ba09dfe3f22709a68ab999a4,{31.957: 1},{},2
84660007bfe1c21fbf8b99a9c6f4150eab7c94497b8982aab5ce68a46b3b12ed,"{31.974: 1, 31.972: 1}",{35.844: 1},38
849d4e4281efa488a220e84ddc95c4f3b04ea6823631b95a46e71160d1d51dd5,{},{35.857: 2},25
84aa3d4d66b114bbca03ab23ae860ee59265a084eb2a5460c0373782fa7a5816,{31.954: 1},{},27
84b648e9191d9ab110bcc844c84a9f8b8130e25f882d7aabad61fffc3f8f89ee,{31.954: 6},{35.885: 1},115
855201f6426c16a18706449da2076206245e733943d651ab80b10f1037efa9cc,"{31.978: 5, 31.976: 1, 31.91: 1}","{35.842: 5, 35.854: 1}",32
857dfd444c5f79a5913adee27066dc479664b75d8b3ea155d8509a78b23a8530,{32.001: 1},{35.942: 1},3
85bcc55f4edaf8b1555776a597b8dd1e7ee7acadab71109dd28ad0697c2758da,{31.957: 1},{35.854: 4},39
866767dacea6d9253d36c68e6ef5b58f44f35fe9fffb8e8e76010e7ce3ff2ea8,{31.953: 1},"{35.877: 2, 35.884: 1}",55
867e96629935ad1ab1ce19a88adbb09faeef7cbbccac7fdfb8f194f6fda45c4e,{31.953: 1},{},6
86e45a3b889a8110002424daad0f63c73abfc1d3cd4decbb61c24d7391a84c5c,{31.999: 3},"{35.831: 3, 35.829: 1}",58
8708db8db0e0f52b8d756a0b9295c331de9b5a74b9c74226bc8aa7ae6f1c2504,{31.958: 3},{35.866: 2},20
8728cce80eab5a9a2260f0e993c046a75612e06f87b5c4c14b0bd35596982c3c,{32.029: 3},"{35.86: 2, 35.868: 1, 35.863: 1}",38
876946f2789bbec8bf6f7986a48918f607e6e2223d32547290930c375274e12e,{31.965: 3},{35.889: 2},10
878e1b2c4b42d59a6846725d11a2449b61773164a433e2ac0df5ab4e10f3f181,{},{35.857: 1},7
87a5f5a6540883764a08b7ba5367bff60e2e6ca32d00fbd864a50e4ddda07f58,{},{35.843: 2},46
87ff67bdb029b83bc178e5333c338d321be1f711ddbfde166fbbd11d0060a9c6,"{31.955: 6, 31.959: 1, 31.949: 1, 31.951: 1, 31.953: 1}","{35.856: 25, 35.843: 1, 35.859: 1, 35.852: 1}",199
882bcae3371fbdf4cc6dabce4a9911e2c152e5b8bffd9c6e9d885a0aad0d9c1b,{},{35.914: 2},18
8855c43d6086701fcac7aec902b6bb8b5c026e8d1d44380a6d0ffcc6b023e925,{31.979: 2},{},5
8887362702868f242745bd0c9dece9609ba3dbc7783cd6e89f32dddce6f9736f,{},{35.866: 2},10
88d2e31a038fe65a845bae190cf1e1d139fa2128f3c479220413f68cd4de75c6,{},{35.886: 6},18
88db0a38e53be168fa77318df504445f8daeb432ec4fe287159e3f2a97654543,"{31.995: 1, 31.997: 1}","{35.871: 4, 35.85: 1}",11
88f9c7e8b26873b6537348566ff31d3a94c7786ef21e3670a8de4b7cb264edbb,{31.948: 1},{35.865: 5},18
890b707c3240e0dc669ed5a1290686755168b2b6939a581b73c19b18992e19ab,{},{35.932: 1},5
8910bebc800693644098845bdb3bb07112a5a34087edbd6b15d09e66a252a3ee,{},{35.848: 2},82
896299fca7c62c9cb778898ad1300b5f5f065c55a02d6d5ac6500c8695d3e5bb,{31.926: 1},{35.906: 1},5
8981da1f229ae878ab77e313c2cd2b2a2260cae2a73c1da6f528eca2ac19c0b0,{31.957: 1},"{35.853: 16, 35.855: 1}",45
8996db9d16b66dc5ac1fe820908c91f83e563aabf7378d3115dfc4b40b5d1b99,{31.976: 16},{35.852: 14},47
89b40acf5cbf642a5d03785425cfcf4355367de745039d2be0382264079f4118,{31.967: 2},{},6
89c4fabd47354726aabed3a251835e08b473ff4fbf56ed02a022d2e012919bfc,{},{35.918: 1},4
8a46f750a05ba2d767499a7f34028f9a8a4dadc0cff2ea183e7602559105b56c,"{31.914: 76, 31.913: 1, 31.917: 1, 31.912: 1}","{35.915: 4, 35.918: 1, 35.913: 1}",245
8a4e55997b82a09a77e87e12fc0db64e7a33eb835648c0cde39191a000001139,{},{35.867: 3},25
8a657e41dc0bcc63c06dfe476adfc579f2827379646cfb815eee4b4a0d73cdd8,{32.022: 2},{},93
8a98c3b8ebda5e531e67aed73f6ee05fc42a27c8a5e365b77bf7f3dfa97e865a,{31.891: 2},{35.861: 4},30
8ad5fb092a087b205a279009e054f25292f7786f7b3b3d67d8e16c85a89c51ad,{31.983: 1},{},28
8adda9c369ed9852e33652d5a47c1190a0be95616172e4f56f02590c618565f0,"{31.9: 1, 31.901: 1}","{35.841: 2, 35.839: 1}",21
8b0abf1c7e493c40d0e1ecb2899ae197d72429764cdd52f305503b9382972120,"{31.967: 9, 30.084: 1}","{35.873: 1, 31.352: 1, 35.874: 1}",39
8b53fae25cd98112c262ba95a6edcd33896327e1365a04c17d07c436ba18597b,{31.986: 1},{},2
8bcc892db598f39e533f98461a3392bc0a05a3331a9ed8cc4cf8f5e5e2ad1f5f,"{32.003: 1, 32.007: 1}","{35.936: 3, 35.956: 1}",9
8c5fb9f61f180dcfb29eccbad6b8d9eea2795063e87fed1e823fdbe013b93ece,{},{35.943: 1},9
8d28b6df2fc07c031aa418ba534cad6232efb41462459b442e16c5eee373c75f,{32.008: 1},{35.787: 1},28
8d46d3332477f97d5d306452524b78e93c3f8f1f7726542003ab962085cd62f3,"{32.03: 26, 32.032: 1}","{35.872: 3, 35.87: 2, 35.879: 1}",290
8d5a25bb6bdd50bac7f51f3c7d6eed9400b2ff41201f7c5263ac6f804048f8cc,{31.973: 1},{35.935: 1},17
8da63e27d634a5fa8b5d80a3c5b1d1856082678b8ba8f2784dc811ff4761e03b,{32.03: 1},{},11
8dc02d9e375140df5df3e0f06b30e97c93fd1e1cb70613dc4e00ba8f32f176e2,"{31.941: 38, 31.939: 1}","{35.884: 2, 35.889: 1, 35.882: 1}",86
8e2f1360db361e8839bf18bc0b9bca6d4eab9d3dc8efa7c0ca63b3955d356550,{},{35.871: 3},16
8ed45c732de70691df8828f3776c521f8130420734afd41609658d61ef932dc1,{31.941: 2},{35.887: 1},16
8ee3b1b0ab538dbb896ebfe6c3349337351fc0e254bfaa5832fbcb5e04006bb4,{31.957: 18},{35.867: 13},55
8ee5bb6960b5fad6c61c523c3b7a2ae779bb5e1d2e1da2eaa0878bab10e6c535,{31.917: 3},"{35.911: 3, 35.909: 1}",209
8f1c898db7a25bf03e46bf64afab20eaeb426519094be5e879a97de1f1630b3f,"{31.975: 17, 31.973: 7, 31.998: 1, 31.972: 1, 31.976: 1, 31.977: 1, 31.97: 1, 31.968: 1, 31.986: 1}","{35.853: 8, 35.852: 3, 35.872: 2, 35.856: 1, 35.855: 1, 35.847: 1}",510
8f367369acb19813acd472f84c1db67f690a3411963ff9af0c3cfdc3727185e8,{31.965: 4},{35.908: 1},12
8f67e402df9dca9b94a1ce1ddf08599b50617c8e106bc69a747c15c101a7a75e,{31.973: 1},{},15
8f74a14bb2aedf98a7751e401f0c9deab504e83a3c47780f9914a20811d72b28,{31.943: 1},"{35.858: 2, 35.828: 1}",13
8fe65e3cee8a6b222b4f383cb8db6724b9759eb467c1a51b9ad2c42a70a364b2,{},{35.843: 1},3
8ff4861d69cc93475dc076fec21e402b2c9119cecc75b274493bb73832776223,{31.993: 5},{35.936: 1},10
9012ed60a4b492851f6ea3696ea47f960281f145d9ce38998c5899b426e5762f,"{31.957: 1, 32.012: 1}","{35.863: 1, 35.855: 1}",55
9016d95f2b9037cfeea17019405fa12d23c49f76dc41f375269da5be8c4f55e5,{31.978: 1},{},13
904dfbeb959ed87bbe0ac3535c864bf650c3abe44b8c6598042ee6d064e2b759,{31.996: 3},"{35.834: 2, 35.837: 1}",73
9086ebfa88d098b5ffea14ade0de8c51c25c4713083370763d7bf790251679d6,"{31.918: 6, 31.916: 1}","{35.906: 21, 35.909: 1}",73
9095919a43cfae9243baa77fe7a3f25bdb0cfcc2d17566f67c38c94df6ab7a99,{32.016: 4},{35.867: 4},18
90d165cdacf2ce80a44f5a09fc65d4a920c40dd6b3d0afb877a09e41b628f4b1,"{31.947: 2, 31.964: 1}",{35.871: 1},44
91386bd0a742dc7d1afbfac25044160902c3e502bf3bec7523ad7d9c30f967d5,{31.974: 1},{35.871: 1},7
9156b6d92d523d329301b9cd192930f79644cbdb362832534edae1404b953cf6,{},{35.982: 1},17
9192d33a69411ab175382f3445d6719225a26ef08032fb03edbfb6e8a964166e,{31.919: 1},"{35.913: 1, 35.908: 1}",14
91a95473da975be34ffb22a4c9091fd43143d1c3d9ea422ce6ff573b371b1a03,{32.003: 4},{35.939: 4},10
91bc73d6ea8148c6c312e3558d7620d9bba6abe91ed8a1961a66e4262eeed962,{31.954: 1},{35.849: 1},29
92240e4de440cd0ad07f3a38c256b16a3aef519120792c621fdcc3fd6a9fe787,{31.998: 1},{35.841: 1},11
9234d9e8b902915571f32151d7d42d5890c325a7ea1ff7b35a00bee567015bd8,{31.974: 3},{},136
92579f173a3638fcd14e213e5358abfa6983420825996a2fbacca8541184f46f,"{31.97: 3, 31.987: 1, 31.971: 1, 31.989: 1}","{35.919: 15, 35.915: 1}",54
9291ef6b1c61f268e0135c20eba8561677bf1dcc73886834f31b51db96a83aa1,"{31.944: 1, 31.956: 1, 31.939: 1, 31.954: 1}","{35.855: 3, 35.853: 1, 35.808: 1, 35.869: 1}",99
9383827e1f508173a5cb39ed5fceb947c97b637cfefba793fd113ac1f4996e09,"{31.947: 4, 31.949: 3, 31.931: 1}","{35.823: 1, 35.862: 1}",88
93a18c009bd4ad983b305e324f08ce1c33f3234c1dee53a7696c551f7837566e,{},"{35.874: 1, 35.872: 1}",39
93cd92ddede8384c3b1063012b2ea7f52698bdb7b18130faf9ce0d012eacbaf6,{31.96: 11},{35.868: 1},24
942c390811c0bacde1b5040103c9b27ee26678b51fc1fde39a623781ab344d05,{31.975: 7},{35.848: 2},114
9436a061d36734bd0e08cf7e499ce168e45abe4a6c976a5fc615f69bdb053f37,{31.95: 3},{35.926: 17},35
943b4e90c25ffd1cdb677d979aa8ebbf1f6c9af99299ac32cc8e918794cba460,{31.961: 3},"{35.876: 1, 35.89: 1, 35.892: 1}",165
94fc7a29e42d785d5091b1034c8eb892f659bd51ccff8d83451143627bbec710,{31.963: 1},{35.908: 1},5
951825febeb97047347556a7fbfa256f89b698ff2e08a5ddefd27321ea8a0455,"{31.947: 1, 31.949: 1}",{35.864: 1},11
95184c299037a06d84350dcb69b1a1581531ff46b763a3943df219401ec06f5b,{32.001: 1},{35.942: 2},19
95360f408250e31969a3f3011a3f02e99be3984c118a6394fbd9676ffba7f2e2,{31.954: 1},{},4
9552c032f7776bcaa992ba5d57d377a631217e3714c8f40507e0332dc188e616,"{31.994: 1, 31.993: 1}",{},4
956e5f0ccab552249add452a57473bc0e4bafa1a41c2ee5b0093e4a6c882bd6d,"{31.947: 2, 31.984: 1, 31.949: 1}",{35.846: 1},22
959fc8f98771f9eec429110ce12771da35e45d34d65fdbaaacd40a98b54a247e,{32.0: 1},{35.869: 1},39
95a578a659a0dd865fce79678337da37b8c54c5afa59cac87d338ab9848c4eb5,"{31.888: 3, 31.891: 1}",{35.856: 1},23
95bc60e65990581f75d2b2d7f9a86cba42dd1e44dd1809d1a2cdb8a1b28dd3d0,{31.983: 2},{35.865: 2},27
965527870bcb4e4bdea6cb12b21dd7a5f3c10920f5a1d9e6e700ca73e8b95164,"{31.891: 2, 31.889: 1}","{35.861: 2, 35.859: 1}",42
9660862134bd02173ddd4a3adf75fffb7128d268764832a3d45e828052c4c20e,{31.956: 1},{},68
9669a3b9609910b15e27b8132a8c934b746929a7f34beabcb59a18d089d56521,{32.032: 1},"{35.869: 1, 35.824: 1}",6
96800273329a1da7492fade7a0a3ffa4d95cfd54bd6f854d81ee696914991770,{32.004: 1},"{35.938: 5, 35.939: 1}",19
9704cacbda2ec5dae8fda1827bbd77d0933e066a876595f67521c6b9df5bd914,"{31.891: 2, 31.893: 1}",{35.861: 3},19
975948fecd8c8bba7b68b2f3b327ca0c393836c180c7056aa5ed1dfb2ae241b8,"{31.976: 2, 30.566: 1, 31.969: 1, 32.007: 1, 30.084: 1}","{35.852: 11, 35.85: 1, 37.556: 1, 35.804: 1, 35.889: 1, 31.352: 1}",174
97aba911446d2b58f6b5d0bd12e8f5472153c7eddc900d3e83a278ef5450e0b9,{31.947: 1},{},8
97efb16d2cb0946ddb625e3867dd2b8f825d5d93690e14caf62c2bf22b93482f,{},{35.933: 1},21
98a1cfb928837625a52b292fe9cde4bbe0290dc18cae58445f8fd623ed36fcee,"{31.974: 9, 31.977: 1}","{35.842: 7, 35.85: 1}",155
98b4f58a1ef9a88fc0127c3c7b32970dfbce1b9e06db82ffaab93ad4289e4159,{31.91: 1},"{35.864: 1, 35.853: 1}",25
98fca02e07850bcc50822ff213ddfa32a775420534d95db2053e409631d871c0,{},{35.907: 1},4
9945a77811bf0d38214ba57b4a726fd42185d52a16266e41b160785c4901aac5,"{31.991: 4, 31.993: 1}","{35.87: 3, 35.868: 2}",130
99defdcf1d0b95af0a174bb29404167030b8a82dc3667a1f1e9e576397339a45,{31.942: 4},{},12
9a46eea629ef7b813c8360f4af1ecb0b1e79601a71342d2830acc54fad814188,"{31.975: 3, 31.988: 1}","{35.883: 23, 35.882: 1, 35.923: 1}",160
9a739a72116ac0ab200a460a10ad168fcfc0ad1be679e051dce5e7487771ecef,"{31.96: 1, 31.957: 1}",{35.868: 2},37
9b73cfc55244a5db8c0fcdbb921d6dcfdefaeb18af3561d5e9bf60e97f0aaeec,"{31.941: 4, 31.94: 1}","{35.881: 2, 35.879: 1}",72
9b97de717bae425700bcede7384601617ca3afa346e26d0afdbb6bfb150fa240,{31.965: 1},{35.846: 1},30
9ba482b1a040713aef6acb064c5b676642ff1cf4e8472e9b7d5bbd3521bec921,"{31.989: 6, 31.991: 1}",{35.909: 4},122
9ba9ff448c15cdcea07d7767a8905cea3c55c792a3e51f9b22e18164eb0faa7c,{31.908: 1},{},3
9bbb0d1275e3ab717544e34bf424a080d19235e31235341e6f4474296931898a,{32.025: 1},{},3
9bc30f3714b9e02ae3213be95b64d53cba904321b5b69bc66f1593735b715b72,{},{35.947: 1},5
9c3f662a7f432f1727bd7b308b28a020b632e9947870725265a97202ad3c8b1b,{},{35.869: 16},32
9c84bfc8adfe5fcc0637a8e559e5888e1cc71e375d584d2d21b42e1af69ec658,"{31.957: 5, 31.97: 1, 31.956: 1}","{35.867: 3, 35.841: 1}",130
9cd196580ed23d1f94ea2f9a8b0ac03093fd1a460ddefb56f44a71fe7e65119e,{31.99: 1},{35.946: 3},26
9d0ecf9d5cafabbf5605587c3b6cec9ee54874c7aff1a40d992e83278df77f27,{32.03: 1},"{35.869: 6, 35.868: 1}",46
9d15f6df963dc409a3ac4f388361d5178b338fbf0245440f691ccddafbd4828b,"{31.974: 3, 31.976: 1}","{35.844: 1, 35.851: 1}",156
9d8398cf9e1c2eb93087cb3cd826d5fa9fb933a40a63e8400026e50b2750cb7c,{31.973: 1},{},6
9d9ce0cf0322f0d13aac7e4146add9c2d641c6f358bbec8f851337ecb6730502,{31.959: 1},"{35.865: 2, 35.853: 1, 35.863: 1}",148
9dab533898247a70641b4318ace8dd073ac53015afb03157aa1416f6eb039667,{32.008: 1},{35.833: 1},10
9e0af62b7a1844bf57c60c46e3da9b650032f8b836b6e7cbb63d9f29531278c1,"{31.918: 2, 31.92: 1, 31.921: 1}","{35.907: 2, 35.939: 1}",38
9e1c02afc2749f93d6ac48e5c50cd8a6dd0e774acfb4bbce660e67c162674cd8,{31.962: 9},"{35.876: 1, 35.877: 1}",72
9e90b9b650a8e50958d4c8181e5057be7cdae17bd47c821f16d9484889fa2e09,{31.998: 1},{35.931: 6},14
9eaca0fd96709a6421e98c83b622ce627090f6e7cac6d32912b4d5e343f243bb,{31.989: 1},"{35.884: 1, 35.907: 1}",34
9ee62f41c8c1af0b44b02d26786fc0d06c9abfb4822f697b615d877dc4c6c932,{},{35.877: 1},3
9eefd2d75886392c341c781b46a7d710daec37c6c4e85dc8459e2ee109e8b4eb,{31.892: 8},{35.861: 2},27
9f1df6c902b4fbac0189580dd00c444104aec704281d20894e2d71dfb3d219cd,{31.92: 1},{},2
9f22c088f68c9416018d8affa27ec3e1034550acd4d32daabb970a2f6da3fef7,{},{35.904: 1},5
9fa59eb570b5d72460777a1b564ae25a4f0b1208adc97c53cc6142d94eb2eb0b,{32.05: 1},{35.879: 1},34
9fe0596f9a81023444ef635a7ae4c63285a5cf13e20602f42f9a4624c08f191c,{31.957: 1},{},3
a013da454dda5d7543103754674726fb476c30f369143164e617e418a9954c36,{},{35.907: 5},10
a01f71c81ebc45d8f1b6f23896abe9ea7a19bfa5d92ff195ea302a3b56703833,{31.977: 2},{},22
a0a88dd275ba36dfea53b45909f5fd8282100dc4678914439ebb4342f4f376e7,"{31.958: 1, 31.98: 1}","{35.869: 1, 35.886: 1}",36
a14ec7deb338a7870d2480e089b53d2a0a24be72cd800549d3b7b7e6fcbbfd11,{31.948: 4},{35.88: 1},50
a14f491c7fe8481232ebda6847dfa64304cd9086ee89bc8238e144b59e99dc40,{31.918: 1},"{35.892: 3, 35.894: 1}",38
a17f85928abfa0f8385b5a982d6d06be9d0eba06e9631b7288566bc1c3990b2f,{31.982: 1},{35.923: 1},4
a1b0d3a70b16d3e5b730a4d0f115339b2695782ccfc1b7eba794cbd6178f3979,"{32.053: 1, 32.04: 1}",{35.908: 1},7
a2ccf82d432fa3803a4c12e29a33c29195a85c7d2b069f0e71ddaa6ae57f0b52,{31.953: 6},{},67
a2e106324a1124c0428297305df1b30d6e7c5d0f632c2b3e46ea77503ffa0b2a,{31.964: 2},{35.907: 1},7
a2f40a72917341a8057e52c0bc901f5c619f1ef24da5a8e6bcadeca1a6e89175,{31.994: 3},{35.87: 3},16
a3a33aa89b1fb556e630f30e00dc8ce6817ab81e622a8b4d8a633c93da4235b4,"{32.03: 3, 32.028: 2}","{35.87: 5, 35.872: 1, 35.868: 1, 35.866: 1}",488
a415ac60ae34f239add474205b6d6b8283b4f3383f2bf34ea83c7d86b4bec1c2,"{32.003: 35, 30.084: 1}",{31.352: 1},81
a45847e11efca4acf739d4c1b7efdc9b1ada5da0fb508f2b96a9d2fd87c4ce58,{31.919: 1},{35.9: 2},5
a4e72a776b4642ba09feec29c0887b7e6522624dba392e95ce4d22e9f73907f4,"{31.993: 8, 31.995: 2, 31.99: 1, 32.003: 1}","{35.871: 19, 35.854: 1, 35.857: 1}",98
a55d3cc4a0d6fd82dad5c150db832b1d2e3cc635f489502f311dbcd811c718ee,"{32.028: 1, 32.03: 1}",{},41
a56ce04cededa2ee6667ab3c10b7e5dd977dc926818fe1aac7579ed818a16db4,{31.976: 1},{},26
a5d3af073d3fa3bfcc3f98a2f7ac3c13e0fa8d35f922ef0e3a13f882321a4853,{31.953: 1},{35.885: 2},16
a5f1ade6d1bc3d0bd26bb3ea4fcd99423f26cce6139496cc9067b163673f7485,{},{35.784: 2},10
a6b60bcd7d798b26ad1f35ba17bbea8733939ceddefefad7cb39ac84912c18bc,{32.028: 2},{35.87: 1},15
a6f9d6bd0448f3db52caecf080197bd2ee59fe3731fec2c1fe4582e8e49a7fb5,{},{35.925: 2},6
a73070b22f5fbc38368350b12ed1e46703c986ae9b970a54a2ce742a02e09340,"{31.956: 5, 31.959: 1, 31.941: 1}","{35.927: 2, 35.934: 1, 35.925: 1}",78
a7871324678acc3a4549cda1060938731c06759a7bf4342e7b86414446bee8a9,{31.93: 1},{35.912: 1},33
a7cbdaa3d24fb049c61b935112637564324ccc0590171128d62fbb81c411c6a8,{},{35.887: 4},12
a8044507101da290cd1cbb1ebfc9ab36f3f4eb37bc573175fb7c9458f509c2f9,{},{35.837: 1},22
a85caa6384fe9ffd7a7f705d6efc9ac97d628d263b4f8045a46ba364f6e592ac,{},{35.867: 1},10
a882e82a32054c30b1c2d2ae5e6b3f79f9a4777468e2fedd46f59dd06836d5d2,{31.946: 1},{},17
a89a0d4ca2d6a811063eadc427c1178cc1e7c8fab974382f044894073223f83b,{31.994: 1},{35.946: 1},2
a8adc2873cad8a4eec66c27917767bffce682951d8618fd571b4c96639147b0a,{31.964: 4},{35.908: 4},8
a8c37c8700e0c26cb742858b197ac8d61fbeff459208599711d4a9d46975148e,{},{35.892: 1},4
a8ebbd20583878288a0b8a3d0e515c3732483cd7b09b2ede501fed403ace2a44,{31.941: 11},{35.884: 1},49
a8f289902f67f0e1a268d3b744a376199ddbffe3bf2a5d85fb25b874d89150e8,{},{35.87: 1},15
a9271a4a1e77e280ffb5e4232b5a2c60ff77bc5e8b7597e996edf883b143f8ac,{31.952: 9},{35.84: 3},33
aa3d209193c66e085bfcd2da22afb81278389c23757b7e22f8311068a1d829b8,{},"{35.885: 1, 35.883: 1}",12
aa47a39e22df1d91bf4c42c4ea9d751efbc74ffe9180b431a25b9f76f87f32ba,"{31.978: 2, 31.987: 1}","{35.983: 9, 35.981: 1, 35.982: 1, 35.989: 1}",23
aadac7d8ccdc869e9c634c81eaa258cd675c864ef790237233989bceae52d96a,{31.98: 1},{35.855: 4},10
ab40b6bb66edf750b70c5fdd533c4674fbe475504efd8fbeacf618e40f98b216,{31.972: 1},{35.872: 1},8
abbe0bc680d53b2b4d75fec2706330d73de511dfd515136cf557cddd842743a3,{30.084: 1},{31.352: 1},74
abf44c12636126e98ae8484298226e73f668e03c723a1641dd99ee5386ba8b3d,{31.955: 1},{35.855: 1},14
ac21738c2c42e350b651be4ff7a524dd3ce8818150206c0b0ed2b067ea5eb82c,{31.975: 1},{35.884: 19},80
ac227148748ed00fae271b5afbf0a66cb269e149f93d8f2e2c348cdc375250ef,{},{35.855: 1},4
acf093e95a9b1d2cfaaebd68ca2760505958b356aa80383286585a8960f2bf0c,{},{35.855: 5},26
acfcdab4bf8850a8817a1ccdbe9d238896f9f2fe7a3c5d91abf685319075fd67,{},{35.938: 1},16
ad005a1d2212e525ac7ef55e3d14ab91c0114253b223c7a3c01193bcd6aae753,{},{35.831: 3},8
ad34ff3fc5d1c6a2ed27dccdc0676ad78727ef52b884b0f99a5770fa52bc8b30,"{31.965: 4, 31.963: 1, 31.97: 1}","{35.904: 4, 35.907: 3, 35.906: 2, 35.909: 1, 35.9: 1}",87
ad5c27df5f62ca8ad1c64e1cf802518695d7d111bf678e541007bc590e9c2055,{},{35.859: 1},3
ae308e21b2da24c2cfce6ddfacdf07ff89c2585eed5dd7894a2b7ea1179f96d7,"{31.995: 1, 31.988: 1}","{35.859: 16, 35.861: 1}",65
ae59fd035db515f354eb1076a9bf7244014a0f08e441bbfa99f869f7479a3b57,{31.965: 4},{35.88: 52},200
ae87f39080c97db38963cc17fdc2730c6898888ea01b61d1446b37a7f23d09a8,{31.925: 1},{35.898: 5},21
aeba8a9cbfc0766abed2504e933b48ebd698dfa4b39a5a0e312572c7398a15c2,{31.94: 3},{35.839: 2},16
aec6865b97c92e2646b6094bb047b89abe3ada80179f4b389a1c4d2fd10c1978,{},{35.856: 1},4
aed6f0e061df7a04b0d3516fdef67c812ef70671c77771ec9b78c6cd237467fa,{},{35.901: 2},12
aeda66c63b8059a4257a6719d21af368a6a702982dedfbc1af83442a6e33f940,{31.98: 1},{35.866: 4},10
af20e3fb84468ef73bf51a6a993c4aac565e68c78786aec46d02e54fcf5856be,{31.916: 1},{},14
af9883b3e6a3453c4b19a257475915993217bdea6d32ae829da2205b31427479,{31.95: 1},{35.873: 1},16
af9eae7a7adcba3b7b2a7c445f072f92768f8b55aa0268411a6c39cc0b42d2fc,{32.002: 1},{},3
b033ccef5cede79ad465214ad610a25b78ec59af16d39ef64fce6ed841f0cdba,{31.939: 2},{},7
b19830198d5715919a65baa966cfd191305877d1944868abe96486ea1c1b21d4,{},{35.873: 1},19
b1dbaf912f13f9987faeb4a93542ef81a1ef7f1611d5440b319df022aaae8889,{32.035: 1},"{35.871: 4, 35.888: 1}",10
b2028f0298c9354654bab27a2e3c722a8197f7bc251fc575b1dcd6af534ce652,{32.009: 1},{35.838: 2},7
b207dce7f047c4b5435d44026a3a8c56ea250b24d08be13f64a07dd257e4fc1a,{31.919: 6},{35.893: 1},31
b229c79d34fa2c3a31fbfa4d5899f34047a97a8074766f89cbdc4dc89e563cc1,{},{35.84: 1},7
b24d6f4965878fb878f28e9f3a83db16c78e20710603c18d6c1f5e32ba91f812,"{31.99: 3, 31.993: 1, 31.996: 1, 31.994: 1}","{35.944: 6, 35.917: 1, 35.947: 1}",106
b2728ed0f8bbd46bd6270694b5c18428ebfe40b8e96a9c5c19c5938fe107e292,{31.942: 9},{35.889: 1},48
b2ac0f19a128cc62e1a1e4a71c59624fe2528e467827edc272532e70bd8573d4,"{31.949: 10, 31.957: 1}","{35.893: 4, 35.891: 3, 35.912: 1}",113
b2fb3b6b3d0a6375e96b08609c1f26e30ee2305f5c93acf8b5b81712f46b604d,{31.986: 1},{35.848: 1},2
b30f49a69fb8817e609cf323671c648a3993c1e1baa17e615468cb4561fb48d5,{},{35.836: 2},8
b31f63047876771fc64c06c2f38eb188c16ca39a16684679d7f747a9e9318a6a,{},{35.877: 1},40
b322ce4bef9fb39e96f837b45532b623a12e6937814e6d74bb2f2c4a1b3cfb2c,{32.031: 1},"{35.924: 2, 35.922: 1}",9
b32bde18329d4d47a280cfa97c497b3ee13235ff5a5e037841a3a71fcab4bbfe,{31.948: 1},{},10
b42406f4f0be075163d9ccc3e01bf182b3c277a21e2922d25f6e76ee65152aa1,{},{35.855: 12},24
b4ba78874ab3c189a843cc46e49efaee0c409b2194540a6a8063d9e447304de1,{31.975: 1},{35.84: 1},46
b4cbb8de6e0638705461ab2cae8753f74add590b5cf28bf0acf3384cf6d971ae,{31.991: 4},{35.865: 1},22
b51c29bf1198433a9d7be912cbbd9dfa9cdebc56be112ab388034f71a5ffad68,{31.964: 1},{},15
b55836b658b2c7da2124e131bbbf643fa98c11d891e42d954eec4548cbf52904,{32.03: 1},{},7
b6271551148f1892591d516e5292b16fa055595bbf6ce4e313ea01df0666caa5,{},{35.901: 2},6
b639f1f20d882ddc0d50f7c9cdab22d391ba4410a82c92b4396269b07fce99cc,{31.996: 12},{35.835: 1},31
b6831fe97e96e3667744da22064cef39bffccd01270fe03807ea8b0df6fbeaa4,"{31.888: 3, 30.084: 1, 31.89: 1}","{35.859: 1, 31.352: 1}",18
b6d884df7f726eaa8361f9cdfe7c11ec02c8072fabe8c6db1cee3dc94d0f5c92,{30.085: 1},{31.349: 1},14
b6decb2b6c0e8696a03ad9a6b00bfa78baa3024345f54b99dedece05ed29463d,{},{35.881: 1},7
b6e921e593eced05ff30895b95dc51431df4348a1532e0a5029d1df853200f3d,{},"{35.943: 1, 35.941: 1}",3
b6fd1d0709a523f977f9a8dc9668a35be77341c5298bef3abf993fc3c5279f7e,{31.95: 2},{},8
b7021568be3d4e7b3cc013c720d7b676a6388f830c4d06ee011252406ca0ae67,{},{35.897: 1},5
b704032e8844bf4d614a797366713640ea1db599a8a4a9734ab6be922e123a80,{31.956: 18},{35.845: 2},40
b760d2fd940200b2bf23a7c1e1ffd3b76f8f134d071ca1711d50a8879e61858b,{31.985: 2},{},20
b793061b3acd7108693f1126fff4bd4a9b241aec1d5fe8d4c9f6589fe5ba2400,{31.954: 13},{35.853: 5},44
b7d059890be8ca14761905b844c3746e91d96fc4376c327229347e63963f0fbd,"{31.972: 4, 30.084: 1, 31.974: 1, 30.086: 1}","{31.352: 2, 35.872: 2, 35.874: 2, 35.871: 1}",153
b83b7977903d8871d8cd763b71ba215826090fadd6df1c32570f8f27b055e0d0,{},{35.873: 2},15
b88e8e4f814278a75c590bda1a734a69182dfd6e6efd4108146049a6906c960f,{32.047: 1},{35.873: 1},6
b8ea1ca57e5290f364b12e865a9de369e905c7e50dc50c9ed48f829a366ffbf7,{},{35.865: 1},2
b9301a3a754b0a792d79e62fb22cf2acd9d9498b8efa6c9f2721433ae5a66ee4,{31.993: 6},{35.869: 1},23
b97bb13d53fb1cdf81414f6377ab34df11ab41eea8e603d53cc6f02b289e0b8b,{31.976: 2},{},12
b9a7ff77a69098629a9a4042dce80f8378274bc0ec7c42d4fda0d155c622f847,{},{35.873: 1},50
ba177ed87d36bfd477e998b6ac1518d5687ed0a4f2b3b54f82de9e49e818c960,{31.887: 1},{35.855: 1},38
ba511e10532b3d7c5bce10df37cc4b3fcdbb029175cba199aafcfd091b4bef3c,"{31.968: 1, 31.975: 1}","{35.847: 10, 35.845: 2, 35.842: 1, 35.844: 1, 35.849: 1}",243
ba572a2dcee1300a119c6ca7c358ee87eb9d7d359b3daf8decb84c2f9b87ccc4,{31.976: 1},{35.885: 1},7
baad5319fd90c0db163e4b51ce3d412ed5b7d5201d558b23d17841cf5cecf5ff,{31.993: 1},{35.871: 2},14
bb3d72db7d47d1669602b3535c5c9143095a155288952d3de120ea4f78bd32ad,"{32.024: 8, 32.026: 2, 32.0: 1}","{35.877: 3, 35.955: 1, 35.866: 1}",103
bb62313477a00fc1f803711843e46d70d54f0f25ca73a29b9ba5f4d84e91a100,{31.978: 2},{35.842: 2},24
bbd4940617e8c2ff72a65bde1d33dae227e1a33858b9a6c7c2962c4f0601779b,"{31.956: 5, 31.954: 2, 31.945: 1}","{35.855: 30, 35.853: 3, 35.852: 1, 35.858: 1, 35.868: 1}",231
bbeb7e91e1bc599fcf7bea054575f51c26156bcdb4c3095c8b7d078ca9052c16,{31.981: 1},{},6
bc45e3a62694cfa1be783ca28ba9ccd88c09f6b5a68d3d03bbbcf41ab92e81f0,"{31.952: 7, 31.955: 1, 31.95: 1}",{35.936: 1},54
bcad88118c7542451643429cd2c2b055211b88030c801f1219a1965b97f5cfec,{31.984: 11},{},25
bce78542a4169747e0aeeae55d800629fcf847012188803f5bf37e40c1576c9a,{31.986: 1},{},27
bcf01f1ec38a6014629c7dc4d3f85cab924954d106343f4c746a763e48acce9f,{},{35.876: 1},16
bcf9a0f49d632df31202cc5d21f227e53d347ecde36f2a8a402967aaa2686ba3,"{31.984: 32, 31.986: 1}",{},69
bd01cb109d133c0da279dbdc5b15f1bcf797b1d2c45ee632da23919923b830f2,{31.954: 5},"{35.909: 1, 35.911: 1}",55
bd29c9bf59543e0dcfe00f9665f9bdead5ce481e122587849adda19a3ea53b36,{31.987: 5},{},44
bdcb2ec665067d6f725faf33cc556c3e125f6b4812e0df9dfafda759c0080133,{31.964: 1},"{35.905: 2, 35.907: 1}",13
be6619245ae6686265964262029e7cf223f62b0114635cf89c3ddbfc5d643f3d,{},{35.842: 1},5
be7d5037859d1604d0e0b41767ae14e67991b5f40db733c84eac9ab2e55e5772,{31.974: 2},{35.841: 2},6
bee6491526f1cf218681dacec9e584c3ae113d68043aafe5fafd74b4dabbf3bc,{31.946: 2},{},32
beefc6265d5da52610bd8720f7c95f06aac68c2d2be53cd88aaf9fb776ba750d,{32.061: 1},{},2
bf41b06ad5853eae8cfab3a7e50fa7f6bb22ff0e171a75ef00d0e88471a022fa,{32.001: 4},{35.831: 1},16
bfa21b2a772f69140a3a7f071ae851efc230c313263dd74c45faf3d72182eb4a,{31.998: 1},{},87
c03c960f45fd79739bdeeacba8d5b7265fdef02b0a9270f3e4d17fa03c3cdbdb,{},{35.857: 1},13
c04e856285bc22bda156d9beb4eb98524c44a33ebc5d55576ac4e783166171ad,{31.968: 1},{35.92: 1},8
c0b8c92b7b9981b795fb41450378485b29ba4cd144061f131186ffd3f3c309bd,{31.98: 3},{},10
c0bca1a7d3bd6d446c6ec8be5ae3236b6cedba6c50a4206e9c278d294dc8beca,{31.957: 1},"{35.867: 4, 35.866: 1}",91
c0ca2e7fe3c5cc3a85be0a93eee6d73d201a9d72a1c3bc6f8313de35c5667d22,{31.977: 1},{35.842: 1},3
c0cdaa6b25f67b7d8427adfca204e55b3fdee08e82517cdfc8d7687235c1050a,{31.954: 1},{},13
c0f9b50d9e8ca3d995b6a0ee02f53e318b5cdc4cc9bd8b51d53011ccff1949e9,{},{35.867: 1},3
c1146cddb63dafc343c5d81540ad53e557a4864007db022377a86e77ba9e8dfd,"{31.965: 3, 31.963: 1}","{35.909: 1, 35.905: 1}",9
c1161a68e0cd520ec7bee8e4f74ae3ac5d960da1bc7266ba42cf7766adc15472,"{31.954: 2, 31.956: 1}","{35.858: 2, 35.856: 2}",91
c165eaf783dc0b2ab9ac5058284960930aedadf60b8d05b04d23fe09758f669e,{31.966: 1},{35.897: 1},21
c16cc83d439c425bd65f7a42894610cc55a5d50cf8f49d55d6721c63004743ec,{31.976: 17},{35.839: 17},42
c1921aabcf3151a71728e77b512340ada87099366b88e566c7875032488ed39f,{},{35.869: 7},38
c1e07a7753ba9167db5e9cdf0fb108668f73c52772857ef732eca293f76069e2,{31.965: 18},"{35.907: 4, 35.906: 3}",39
c22946e57aad27279287d5843ec6dd345ca4712561a0dc2404f2fa15e05888a8,{32.055: 1},{},12
c2a3d404601b28f555efcb2816c4d05665e31cb6e879394a6bef998280ec8aeb,{},"{35.853: 2, 35.855: 1}",61
c2d462a7baa3e1de7a2f8f386c5e2d2552f2435704c6874be75f2296ca32c98a,"{31.981: 2, 31.979: 1}",{35.836: 2},9
c32f810b6939c303ca46afdaa4464e2d950276e041cab87ee3215b13210ddc80,{31.974: 1},{},12
c3a5e9745d414b7dfd7fb99d0c7ba6ee013af4b7ad9c286a5b5c5012b21529e8,"{31.946: 1, 31.947: 1}","{35.864: 1, 35.871: 1, 35.858: 1}",13
c3c90ddf65582e4598e231f5f0040ee8f15ab1514d9f0cce67c8fe766ce32f09,{31.976: 1},{35.859: 1},6
c3cf9f099c951b3814fb6c55e16f4c9d3e5a3aa025d20995cd336d42ef6b5f09,{32.004: 1},{35.937: 2},18
c3eac58a2d0025e76736b4a4f60e8f535cd3dc9c6d20643f05eea6c2ad50dff0,{31.968: 3},{35.926: 2},7
c4219320f09dcd7be073cf6da4b19b958615c27b78f4f8f4db06bc1109ef4fb4,"{31.974: 7, 31.969: 1}","{35.841: 8, 35.852: 1}",18
c427e53fbc9b0939a47243d7091c8f45d593d463497966c9ebda395cc2091d74,{31.99: 2},{35.865: 6},17
c445d3f9f5992a289ecf8342f757c4b7d3ff3655e36cfc0982a7fe15a213831f,"{32.028: 3, 32.024: 1}",{35.858: 1},25
c46da49d8ca3629c2aa856a34e7a8dffa1939ecce82de3897d8bd3c0fb2992ba,{},{35.924: 4},10
c4f5f3914946a081852ba2976cf04f315c90a101acfcdc6d4cdd783a9a7b5799,"{32.004: 1, 32.002: 1}",{35.939: 1},18
c544dceaf72a9b37b39de02772c3261b75d779825a9e730ba28eec55a1316bc5,"{31.983: 2, 31.985: 1}",{35.89: 3},45
c56703d09c113adf3c687657116b57f0103a7e100d2cbc16f9e2849159b31be8,{31.916: 1},{35.913: 1},16
c5f71406811711a84cc741049512eab3809be9bf2be11c036b00920d098f07da,{},{35.853: 2},35
c672b074d7f499f4008490ff1d9a1331aad5ff8d94bf17f89b65ca993f5aba86,{31.975: 23},"{35.839: 23, 35.838: 1}",49
c6a350ea55abe9d34ab867cf117775bfdae220ea0b9bc06d984224f535d57df8,{31.916: 1},"{35.912: 2, 35.911: 1}",25
c6ff8f66eee23918b620087b3d75a4f82e26c08c4370d22b8c0c44335b34d235,{31.928: 1},"{35.867: 8, 35.879: 1}",25
c7202b2a391e37aa17396c383553a5d47209ccd97c3488d2178b5c2ca746e7d2,{31.988: 3},{35.947: 11},24
c799aa1233350d5a28e8b85ed4bc38e2a14b0ce99c8627c5f49447887b868d60,"{31.937: 16, 31.912: 1}",{35.934: 1},37
c7eb59e435f52870382322a2d259647f7b0c43f585191289577976d2c7109538,"{31.957: 43, 31.954: 1, 31.945: 1, 31.99: 1, 31.9: 1, 31.947: 1, 30.083: 1}","{35.867: 22, 35.866: 2, 35.872: 1, 35.87: 1, 35.855: 1, 35.856: 1, 35.886: 1, 31.352: 1}",397
c81a76afa61118a2e13b871cece22aacd56221d048812da40b78a356ee44a679,{31.889: 1},{35.847: 1},22
c82ea640fc05ab016cbd646eaa840071da9d963e81c5ec391ee4f8b20bc505ae,{},{35.859: 1},9
c8ddc1422e42f274acf5733f5731884c54513021871fad98a0a4f88cf87c1059,{},{35.854: 3},95
c8eca5cee65c6aefa5f15663fb40c5622126a11b06c4d8ef981986300127a74e,{31.895: 1},{35.863: 1},3
c8eeb8f88edbf015be2607ba00a73205443c280b9cba07dd3b1e76ef266553e7,{},{35.901: 1},2
c9cbf1a1be69e8e05adfa78f587b85551739b0949f814e93bad4e06c69a119d9,{31.974: 5},{},19
c9dd16733b5f2de417d0c18fe80c278854732a6d5f30e00efcbae427ddaba168,{31.956: 1},{},29
ca01d2b6691ff841a4cd39c71ebd0e0f9b8ed8a8635fa33dcf34a92a10476e9d,{31.974: 6},{},29
ca7e046d16bfdcd0696fdb34c28ceb31a9096261889cfafb8edbe0c757f80bdc,"{31.989: 15, 31.987: 1, 31.992: 1, 32.015: 1}","{35.866: 23, 35.869: 2, 35.864: 1, 35.855: 1}",152
cab702a08dd533eabf8e8f1afb56334c349b38be1522654f4d661002ae8159fb,{31.954: 3},{35.885: 1},7
cad163b2b602192b94cf153ef974b8daabc58037cd0ea6773f0ba1fcea56f722,{},{35.856: 1},39
cb2a8e5b3678f4b3d9b49f9fbfce8b4bef5aadd0755379619e96fcf820366c98,{},{35.885: 1},22
cb8194d5f5c37d6537cfa84fceea83015624119c07227e92bc490201a2248e07,{},{35.849: 1},4
cb872e0dbe7c3727fb94dc2cd8691b0fc67dad042d143f7fd0db1f3053e7a293,{},{35.855: 8},18
cba036698928edf139d9b6cd37e95864d4f50adc9ec8dbf4d3499b1f0f84538f,{32.028: 3},{35.866: 3},57
cba3bd99f8ccd100daee50d4f176ad5e04bbadd6bda26f2b196b25435363e417,"{31.951: 1, 31.948: 1, 31.95: 1}","{35.876: 1, 35.879: 1, 35.877: 1}",103
cbb051ffdee54550de1512d187efecf5479f7cffec75b271c986537062d29b2d,{31.955: 21},"{35.84: 1, 35.842: 1}",59
cbc2c702d7253b9687ea7ae599bcc8c61416b99b09e8d4766a1389212068115d,"{31.957: 35, 31.956: 1, 31.969: 1, 31.955: 1}","{35.855: 1, 35.839: 1}",156
cbf548761edb646a7b80797495a6bb8d14511f07b87b056d49e45d4e6f467752,{31.981: 1},{35.838: 1},5
cc0a695295c36a52ccef8b7498e5e25a3a9b69cf18e92cf0bcdc3e30202512a9,{},{35.897: 1},21
cc0bcc78d8575b2f0bb0aacd9169c199f0ac5e6beee7a64db50738b4d7cba668,{31.995: 1},{35.837: 1},19
cc1fca0ac7579d05f993613318d2ffafaf06d0df6e953c3087150f2d1c26f228,{31.971: 2},"{35.895: 4, 35.897: 1}",52
cc4c266e339c7b27f3ff1b6fdb12ca78a6a04651ff3b92c053ae975b714889bd,{31.992: 1},{35.886: 1},5
cc7d84bbde555e802b587e6744eb5cc7e1629c595bd9fe5bd5b9f50f5bfa569b,{31.893: 1},{35.861: 1},19
ccc4d4db02230380063e6bb66081d46002d180cabbf4a27cbfe15686376b25c1,{31.959: 1},{},3
cda572dc9b0e493dcfd94f620c94e0ce46bff8c55b178e9859bd7c76a8143351,"{32.021: 1, 32.024: 1}","{35.864: 31, 35.859: 1}",75
cda7f1f9e797e8c9e97108e61c4e814d3ccb0f72dfa954bb74941ba29d2fb10f,{31.919: 1},{},3
cdbb3e586032761504e7a0d319d2a64055065ba9450a1cc7da2dd004647dac6e,"{31.996: 3, 30.084: 1}","{35.854: 2, 31.351: 1, 35.851: 1}",98
ce08df68716b8f1a2ea6f7be9e42f785c0ab1cfdced2bfdb77203f6b36255f57,{31.981: 1},"{35.838: 1, 35.836: 1}",7
ce257f8433e5213a0f81f503b1d7d1b06fe6d33909fc4c7e61b202276a66f1bf,{31.98: 3},{},21
ce5068c67ff05e298412a27c8a776456070ff6f10f53dcdaec71943a7848fb2c,{31.95: 2},{},21
ce79f9c77d5444af8d212666b3671f9988af34f3eec1d9f81d523c62fbab4451,"{31.947: 1, 31.949: 1}",{},31
ceba8ce71bd86dfc11c47f845e214386ecee0db05dca3f68d497f829a5ce1318,"{31.965: 5, 31.963: 1}","{35.905: 1, 35.906: 1}",17
cef4bed5ffb50fb73d4e7e7610b0fc28083389450599515f2c37e930f0fae7d6,{31.953: 3},{},7
cef575599db4cd03cf15909c2136cb1d965b8662ac27f2b95d899721fda38ab6,{},{35.835: 1},6
cf0f577ba9c6179a0aa4c0ddf1b25a3378ea97c8272b0adcd868ca674b568e6e,{31.942: 11},{35.882: 3},37
cf4583698fcd3b37641e2a7b8394d37a64a39c6829f412e3f49fe57dc1559261,{31.975: 1},{35.847: 1},7
cf7f2d9748cc1b529c4400c6a2ea7a214ca940e36c07e83c46fd93aaeaa4d3e4,{},{35.949: 1},3
d002cc3f3ce426e5f6611ef83b05db59cc44a6330b9a266d5ef5a2b02f26cd71,{31.979: 1},{},6
d083e3a83201ee8e0debbacc95e9f3008ebaac566032c16f0c572e2003f9534a,"{31.994: 1, 31.996: 1}",{},21
d0b1ad3f90caaf90a2c27c83760f0abad480626537274ef117ac5af583263b5b,{31.915: 1},{35.913: 1},8
d0da066d5aa9ca4be0902ef821f348aacadde51c9ed2fd821a126dbc9ff72c9b,{31.994: 1},"{35.863: 2, 35.861: 2, 35.868: 1}",117
d119c289b2a6a9613661dc545bc093a3aae2cdbcb307ed6a96d8f7154d164128,{32.015: 17},"{35.869: 30, 35.871: 1, 35.87: 1}",68
d13132064e59aaf9742a1a7d4ae834aaf7a1a1f198b52ecd8cf4dda87bcc8071,{31.981: 1},{35.836: 1},5
d17925568061195e82c861db0077013381f9c2197cb277def4628a58f1b0399b,{31.957: 29},{35.865: 2},69
d1ae4c1d161006698a32052d664ff5c9459eef3e4b85af7cd651ff69b1db5df0,"{31.995: 4, 32.016: 1}","{35.835: 6, 35.836: 3, 35.833: 1, 35.885: 1}",155
d1f8337d129df080a2c662f5dc6f73811fce33e98ee3b4da23811da8184a29c5,{},{35.886: 2},16
d2606343b293181d94c7577b9dc806da42dcc9ba357f1c809cd98e8520bbe281,{31.954: 1},{35.856: 1},6
d276f3efd6eb0dddb08d97ed3071d92ffc0f0acde11581e2052c9f8ae2c86643,{31.964: 4},{35.906: 1},10
d2828f7efaa15891081abbc88ed268789f70d4bfb40242da294cef6ac98b1188,{31.984: 4},{35.885: 2},22
d317ebbaf4c9e05756930c26c7057451ace7a5f0831a2ad34154a8684d1e246f,"{31.972: 6, 31.977: 1, 31.975: 1, 31.974: 1}",{35.853: 3},77
d334c87bd47b8acb5167f64f98abce3861009e9fb7e95304a21f0203dad3f27f,"{31.963: 14, 31.964: 1}",{35.968: 1},30
d3c441dc02721268486ac50e0721a6cbd8a7c47ba6f6666b11e89133c3d57ecd,{31.989: 1},{35.868: 10},141
d43bcdcd56aae4ca147d438155ca030c39a3a3b9959c67e56fbfb862eababcf6,"{31.957: 12, 31.96: 1}","{35.854: 4, 35.856: 1}",87
d46f4e1290c3c9e03e21c12090813c090bfe71e3543bce59b88fc217f98b091d,{},{35.985: 1},13
d4aae6d0b763d0540e515177c6bed9bcfa200a0fdab1737b01d96fb01c7a207c,"{31.971: 6, 32.002: 1, 31.995: 1}","{35.883: 1, 35.874: 1, 35.888: 1, 35.904: 1}",59
d4bd0f56fbeec12d5fb297479d6100305e9772b9085e4f80e15ad9c9d10d04e3,{31.965: 1},{},16
d54fcbf1b4271fb820e1e917b089ca6638d8908bf15288a945231d81c462b787,{31.958: 1},{},32
d582ff0bee0cf5105c90614cc75ba9d42836cbb1b5e447675a75dd7f6100aa7f,{31.988: 2},{35.901: 2},4
d5de1134c6a9e559101f1ed5fa72c95dd5d527c71d7f159ba535de60dee6c2fd,{31.981: 2},{35.866: 33},95
d62ddcf68c0d310d2b5410191360047f43310bbc81958094791a1b7469288dca,{31.986: 3},"{35.86: 36, 35.862: 2, 35.861: 1}",414
d66bddcbc412683918f9b4b030f4529cac338eba0bb37c6b98b03f29bc361b52,{31.899: 1},{35.89: 1},7
d6aa1f27d73d07baa717fddfefd54ff139ee512abb9c5452bc513060c13fc9d0,{},{35.867: 6},39
d6d23389540eaa21f34644077d3a2fd9735e049caed764c588b511e5dde2b440,{31.987: 2},{35.903: 2},5
d76652f6dc799edaa33fc09e2d6c584e373ea77ddba95b6aea7fb95bc086c919,"{31.965: 1, 31.963: 1}",{35.907: 2},9
d7a38b1dc4ac6eb0e54fa8efe581b772c046fca065cfe82ce963b3c89e6eab82,{31.975: 1},{},3
d811c1bad551042c8fcc54c5d07d568b750593a4c4d724b5115346d358ddf845,{31.949: 1},{},2
d81231f05f7fbd395322cfdc6ca6b7bad150a8e03726a2d623afdb22c1e4f4f7,{},{35.871: 1},10
d8490062d76d345ad34270189c73cf65d16ca04004787e921a1a1fc4653c5890,{32.028: 2},{35.87: 4},80
d880d116a91100518819a302f23f261758e25dd3e891937a2e6e819d2024bc1b,{31.977: 3},{35.855: 2},132
d9392e69946dda29f2a821f6d607c0516c8a385eee74cbaea1acd59b13d1866b,"{31.958: 6, 31.957: 1}","{35.864: 2, 35.862: 1}",33
d96146da94303af70ad26b7b1b25a3b28d2bcffe89fe2f021c65a7eea449c634,{31.954: 1},"{35.884: 1, 35.879: 1}",30
d9827ef3c377e9a94bcbe0d67b5a848f8a800d94a4ebc5c0e5d09dfb7c087c49,{},"{35.847: 16, 35.845: 1}",139
d9f5da3a820659af0fd261ad80c36c06c8d56b287dec46c82983687876964b23,"{32.043: 4, 32.033: 1}","{35.9: 5, 35.899: 2, 35.908: 1, 35.911: 1}",48
da27b3818dca6e19c3db770361fa391320aac2754a78d383039bbfb0292d7e75,{},{35.841: 2},5
da38d95294062e023a5367cd4fcb427b651e956cca91ac67c0117cd7c846b480,{31.986: 1},"{35.86: 1, 35.853: 1}",20
da48adb98e03027f630144db845f52fc8f7df153b2928d1a6d1779de3e00529f,{31.956: 3},{35.927: 1},36
db0448a58a270e349f1317ee778a03a71f970db694d94ca7ce9b5b0fe2e75669,"{32.026: 1, 32.027: 1}","{35.858: 5, 35.854: 1}",37
db88d842344bcb8704d089f7b0194e3a8ba59bffc0ce93adb8b33afd362020f6,{31.949: 3},{},30
dbc8c23038bd87a3606cf301819105d1f32c8e05c7a94cd07648ffd94ae7ea69,"{31.995: 3, 31.993: 2, 32.0: 1, 32.002: 1}","{35.871: 38, 35.863: 1, 35.891: 1}",107
dc5f3234d479275a6a222ad3495ff284330b16747db3d503effd7a3098818619,{31.972: 1},{},4
dc9632051f11b1527b143af050349aaae2c21bb1ddaaa02b04da5e41616e45c2,{31.897: 2},{35.864: 1},10
dca0c02ba056554bc6f759c4d3510837949d33bd4fea49981d62bb126604e520,"{31.949: 4, 31.947: 2}","{35.866: 3, 35.864: 1}",54
dcf61a9065a18027b462bfd82ef83724b05e8ee4b9e540e77abc06549f151aea,"{31.997: 4, 31.995: 1}","{35.834: 1, 35.833: 1}",22
dd052aa0b6906a146530f70f1b68febea4381245f5fb73f39e341b813925f9de,{31.965: 1},{},15
dd132005187c185ec33514e80800a32f20c706f4a21091475e9552c83eb0e6a3,{31.957: 11},{},28
dd336b78f30e8dac3b6f333989a6dc3ed9e8610d787a5dc572f70e85b7efcea6,{},{35.87: 1},8
de12a97050c275660fdbd4f10d42c569ac94d7159967d0f2b45954d55c2e7338,{32.014: 2},{},16
deb38cc04dea9146ffad17d035a154abba4185c5aa31bc479e771be46a658307,{32.009: 1},{35.832: 2},15
dedacd9344bcce45d27fb61da1d2720c6df987136cb98b3e967ca8329bc23071,{},{35.871: 1},6
deefd32e82ea801c7f366a0eff20cc1dcce8e02954867ce72b71902e2b5fbe84,{31.978: 1},"{35.948: 1, 35.946: 1}",13
def2f7584df5f78f0839fecb4a739a89a57ef55ce74cc0fea2a7ba3093544bb7,{31.997: 15},{},138
df0ad745f60029a91f5a4e68181e6c9f510cfb69babd21eeb0dedc57eba0d2cf,{},{35.892: 1},27
df3e949c7b0260cc0e39f300b163871c78f4e9a0fb5284ea3ca1b27b75884ba2,{31.889: 1},{},5
df9ffc823359efab92eb9bceb2f008b8b58b532fee1785b72be6fff17ec029f8,{31.967: 3},{},17
dfdaf5fa8aca32594f32f8d77e71554e81369e5cb03f893d99a8bb379ceca893,"{31.962: 1, 31.964: 1}",{35.908: 4},23
dffc4c0a18086024530d5a85b4515b49ba7d87cbdef53f9d3d5150c814f9063f,"{31.992: 2, 31.99: 1}",{35.892: 10},62
e030ffddb72166feb12c438dac7a6bf289dd0a3759e22e7179bf99b5a556f3dd,{31.996: 2},{35.835: 1},5
e08de8d55309fcd4721d8e1dee5b9b711baf36a355de02e6dd91ce3296ae6d9c,{31.968: 1},{},2
e0a97364ffe0fb79fc161dbe27e0b9b6865b563cb56a04c03c5738cd4596a353,{},{35.848: 2},5
e0ad5726f21984fa261b2ac016660d1de5ece5bf3a79859ba5abcd51b3a34e38,{32.019: 1},{35.909: 1},8
e0b159aa5ad5e04b8d42435db88dd992235962d994b7e4b9372f7f44d380faa5,{31.953: 1},{},2
e118a9eb4e4aba1c6b69b2501c4b16765d127439bc063c27907948678e4d7261,"{32.012: 1, 32.011: 1}",{35.87: 12},43
e1537f626083fc77a5f51ef66a155e582d7f2242144651891e3adf88317c1cd2,{31.965: 1},{},3
e15943ef8e9ec433429f8e237b835a07175a50f2d5b5e982b6256e9acdfd1dbf,{31.994: 1},"{35.847: 3, 35.845: 1, 35.838: 1}",109
e1b875a7524eca03ddccdddf9353b41aa6292622830f672a1803f35312f6bd2a,"{31.959: 1, 31.957: 1}","{35.867: 11, 35.869: 2}",354
e1c16f65e76d8934f58672b660bf01f372bc8e5a18ee360ab95e948292183482,{32.004: 1},{35.936: 1},15
e1f4d4ad684f40b7fb73ded948b1ca6568e5dfb5d0b98141a260259c790b978a,"{31.98: 2, 31.978: 1}",{},61
e202f272c7929e557eb069ebbd12a1b4620d0e01ba83ca14ff96af402309a5dd,{},{35.853: 1},9
e20815d645e1ad23c8f620c78e1150f945f0e5d385a0749f0ebde4f3c9bdf24b,{31.914: 6},{},17
e24189e974a3109ee4781efaa9e8dbbc3c5e9febb56f81dcb6b86c48d84c5329,{32.001: 7},{35.782: 5},17
e267fe81e89c1e2466411bb021fda738aa97581485e78fc9c221fa5a280c238a,{},{35.868: 2},15
e268c5b6b6b831d8e7a939f8b4688664ff8aad097b201facfb63a34f4ad72568,"{31.956: 3, 31.958: 1}",{},210
e2905203baa947f83992d26c00ff75c9d3d218b4a71cffe3af62e6ee6b07bc3b,{32.012: 1},{},3
e2a691da475436e30951efaf2e6159467336909f2f48984e6e8fb4419c917d8b,{31.993: 3},"{35.817: 1, 35.815: 1}",72
e2b2eea9db3fc8e24f239c8486ec54352be4fead369f2e2724b163580e1e23b0,"{31.975: 78, 31.988: 1}","{35.873: 2, 35.883: 1, 35.88: 1}",163
e2e4ad5cd8765637504ea092815deab9da0251e40a9f925af86430ed57b90a6d,{},{35.871: 2},13
e2f327942e1a0ba5c6435f10cf67babe68d544b8c4fcf41e4170bae82af99e48,"{31.949: 3, 31.905: 1}","{35.885: 5, 35.852: 1}",79
e3c6dfc70d81941d35f25586a28d9f1bf14bfbc8adaed30fab1ac47575acd7d8,{31.959: 1},{35.865: 1},37
e3f4128f8fe1a06dbc57fbde16cf4d9f1a3e6e1871319803a320aa5aecb21a56,{31.974: 1},{35.87: 1},14
e46018cd299090ae052027981b64e09a4a1e7510930a79a86565af7361bad1ee,"{31.954: 3, 31.964: 1}","{35.855: 2, 35.865: 1}",12
e47c36a8031b54c53495df674315f6d6d69fa7ef113a39cf4c77154834e2c7a9,{31.992: 1},{},5
e4f23bbbe215b40a3b45df9a815c4e0cd0cfec58087ed469dd8fae8f70241952,{},{35.873: 1},10
e50bf8018db0dece0ff59ec9045069bfa227b28a09ebcb49b2b644ca0954f840,"{31.978: 15, 31.976: 1, 30.084: 1}","{35.842: 15, 35.844: 1, 31.352: 1}",124
e546e34c559e199d5b86010602d2b4e642c94083dd90954327d08d6a72f029e8,"{31.978: 1, 31.979: 1}",{},16
e54c9ca3f7130087add3e354f7c807bfa492d49f5e64d235d270821f3a6987a9,{},{35.878: 25},73
e57111262ec755ec04c2f350efa4251760892501a2d435735a4f508e760f8207,{},{35.859: 3},22
e57db56fadb2bab441263cabd2021f5bcd500cf540fd821ad18e8f86f76107a1,{32.047: 5},{35.894: 8},18
e5d136d93dff88701c8d39122fa5f30fe6bc709549091cdd47b68e2987cd0331,{31.988: 2},{},5
e61040d3652c831c7c9171f9bc9f5309fdb83a341351235b977fba29e2c4ed48,{},{35.856: 1},18
e63890ffc0db636fd170440f5d994a07d1d8569615509b41fa7ce7ae28934b2c,{31.952: 2},{35.935: 1},4
e6d4aea30e645232fb7bdc56bde7498885ca0459e272cb6f6f46e8b2320dc792,{},{35.846: 3},51
e76d72a2613106c07a387c8754d6e25647bfd83ea7c86af1b491bae8857437b3,{31.927: 1},{},2
e7a93322c6b1c470cf2e34cd0bf97680dc2e8984d9e1f663a2535d7915986128,{},{35.842: 1},11
e7bf70b00c308aca2a1e1bba221df9f41af373284d73bcd763f2219b88981044,{31.958: 1},"{35.857: 1, 35.878: 1}",12
e819063baab0315a30d61297d4cab4693bbdcfd983edb68a0a3568fb8aefc18b,{32.007: 1},{},16
e832ef34b0d45b857cec690783718c50f07aaf8e31633b916a6bfe5fff16bf71,"{31.951: 1, 31.922: 1}","{35.926: 1, 35.927: 1, 35.931: 1, 35.935: 1}",68
e83319d43bb85edaa3ce27bf1ae1060f74652c87386a9ec3a3fe9b24b7a96bd7,{31.972: 1},{35.853: 1},6
e858e674107700807ae947f091730da3826cdb060540b96c89cbe08fc1ea332e,{31.966: 1},{35.896: 4},15
e88d91246ebfcc64265eedaefbe5d455019c3a24eba14191af615ec5af70d92e,{},{35.878: 1},63
e8c3575b58b2ac23a3a3faa86baedcd2b476fbc49338c00451ce173eb8ae5731,{31.974: 5},{35.842: 5},28
e8ec3fb2ee553889058fd0bd991aa86d900229d2d574b8a490ea4acf70c35e92,"{31.892: 21, 31.89: 1}",{35.861: 1},48
e8fca214797851f788f3cfc3dca3b1b4de15025c799b194a39b97bbcc67b0105,{31.902: 1},{35.89: 2},11
e95d5a056f1ccc4e0d308f3ef0a95bff42da159ad16dcd38b78b47fc606a6a37,{31.994: 1},{35.813: 2},5
e99bd479e5e4e1a1a7b7c73897634247d321d4b753117c4d27e9dfa8e70cedfd,"{31.942: 2, 31.943: 1}","{35.889: 1, 35.885: 1}",11
e9ac11f584b078acaa7d9b8e36e31699f7b8d2ae84e175e325559a5bcc9c33ce,{32.007: 2},{},8
e9b5943caee87602b52fe3aea3cda6c922beef21bd7d19d951c3ea4f18494701,{31.96: 1},{35.865: 1},3
e9bee6b0de15be78999a9d64914c34935077edb713ae69f02df7456c8ae6b4aa,{32.004: 1},"{35.939: 2, 35.941: 1}",51
e9c3463c207335395bf443faf0dbfaae44c822a928cd9e2bfa8b62552688c03e,{31.963: 1},{},22
e9dba76c4f218b96ae490d3f7e7dcc32c09296c7a0d157fdb3ea04283a3dd197,"{31.957: 28, 31.918: 1}","{35.856: 2, 35.912: 1}",105
e9ec10449a78a418f4b9124f4a99792c86720ae060504a2b0d37492e1053e567,{},{35.872: 3},7
ea0564c9f99bf0ffb0c098f4fff000a909f8fad1306b570d5768adb2daf877f0,"{31.961: 1, 30.084: 1}","{35.858: 1, 31.352: 1}",86
ea1a4af0a0328cd68bb78dc5154b34e164f6c245d3505a0d791211dcc6b942e5,{32.004: 1},{35.87: 1},5
ea3b68743c8e23ccc0df77f884a74547f539219306116c580ad822c9c87e8c96,{},{35.886: 1},20
ea5dcd923ec4bd739003c99b4b6162ccb4cf7547aea7636b0ff2bb5e025cbb48,"{31.98: 48, 31.978: 1}","{35.923: 7, 35.924: 1, 35.921: 1}",99
ea68a84d93b31a05bfcf6befc262ee39840f65b1c48ba9be7dfcdf3c102c93e6,{31.996: 1},{35.848: 1},3
eb53d1af47b7db483057e166c6af1462724f243c32488b547650535b7a5dc9cc,{31.954: 2},{35.856: 3},8
eb747f0e589f3da2a3b840e980c54d13000984e95f5857db5f03626c87b632b7,{32.028: 5},"{35.865: 2, 35.866: 1}",68
ec14fa0cf7badc4beaf9bbea5f1404d2fb54d3f38c6b462bf762853320620549,{31.959: 1},{35.856: 1},14
ec2576e0768f7c49adb60032964c237becbb31814957f4436d4997a2c9a6cb1f,{},{35.832: 1},2
ec6bd0099a5c6d691bcbd427fb71582786c64f931ca604a7023d0a4109d4af62,{31.949: 1},{35.893: 1},12
ec6fc4f02d6971a64413f5a670feaba50944b8a79c53dd94f8ad38cdfdc43ac2,{31.958: 1},{35.858: 1},93
ec99c070a269faf1c74d262ba6faa28b9a9a643b3b1aaffd62b7036b2a238939,"{31.964: 15, 31.963: 1}","{35.905: 21, 35.907: 4, 35.909: 1}",71
ecc0df41013d22bbbfa77acb8836bb930c02491694d4a2cb8b782d9ebdf59d7c,{31.954: 2},{35.853: 6},26
ecd269bff88614b55a4ce46c3084854a14419d81317bf2797af9410d8720c4d6,{32.051: 1},{35.877: 1},2
ed6d20876dfe80ae3b17099cf4731a05f5adc83b97f66272357407bc467dc415,{},{35.894: 1},2
eda4337e256b461dbf9cf9f47e4455d1e0f52bb0f65b523b45a2bacdd2a3e9d0,"{31.993: 1, 31.986: 1}","{35.856: 15, 35.86: 1, 35.858: 1}",130
edff3723c0ab42c91d710554c4d95a221b906f05b131dbb5e1ba000c0b6cc5b0,"{31.994: 2, 32.003: 1}",{35.87: 13},38
ee70b4ed30230406c5e4188f9bfe0e7c3862783984a6b7b83be7d16fd89e27da,{31.997: 1},{35.856: 7},36
eead1d1c9f06b3ea74ceb5ce9cb8efb195a56eeda67c0697d418cb56fd16de12,{31.949: 5},{35.893: 2},22
ef2928a4de4e88326574cffed6782e36b1ca285d227e422b1dd7c46bb903c633,{31.996: 1},{35.871: 6},33
ef86b5feda04f5036e85ef6777873b856175ff0315b4adb0d858688b1458d3f9,{31.887: 1},{},11
efbe459cd077a45452fb99ce43e8b477d7adc84fe4bf88a20ab562b8777e7111,{},{35.873: 8},71
efc960fdd5febab2ec2b5cca22b259b69a7997b000bd90af653d78c1fb57465f,{},{35.86: 1},41
f06c68f110a7e9a3744a3fe4f3d0c02256df6098386c8f7f8dc782de843ef30f,{32.001: 1},{35.891: 1},19
f0e4270a9f0bfc4d067d38cf2a6265b2e3a3f203d51fa67afcbb5f4ca82dd9d5,"{31.964: 17, 31.965: 4}",{35.909: 14},65
f148c07fdc14cb2d72910a749d2bacffacfeba262618a2828881c5cacb52b1f0,{},{35.938: 1},3
f1a1f7ff57e7c7f7f01c9a412139820914abd602e6b651b1fa4febd6226efeb6,{},{35.928: 1},7
f1bfe11296e42ff0072549ffa86adad41af9c05266da5c259b91e90209c5cb97,"{31.926: 1, 31.92: 1}","{35.871: 1, 35.864: 1}",13
f21941a50daeec1da9832ea75f4ffc65aa79f89592af8624a72d60ba80e6006f,{31.965: 1},{35.864: 7},18
f31ed2c64e3bae8228b4fbe0f6ede4bd0a1822e99b9845abf19202d9af03ed1c,{},{35.899: 4},13
f390c480d7ab640a7e554d787358a073cac892b87f4f6775dae0976d9ff13daf,{31.975: 13},{},31
f3c246413373f1b1fdaba03eec087b69ea5d038225eb21ef9bc5ffe2fbc18f05,{},{35.842: 1},3
f4679e8a5db2084445f568147b8267a2d1da36c035c02af24782e299628379c6,"{32.014: 2, 32.013: 2, 32.011: 1, 32.012: 1, 32.008: 1}","{35.869: 3, 35.87: 2, 35.867: 1, 35.872: 1}",102
f4d1195b2f4684588133f070cc4141ee8918a928d1894d0b433443d8c9b1cdc7,{31.991: 1},"{35.855: 1, 35.853: 1}",11
f5135c864494894c88a14e635fb75fa5b5fd1cb9ae05db79c8bb300df0aed5e2,{31.949: 1},{},7
f6000780c793d284fe9a61a6a5113e535f1bdbcea4d5a879dbac78747476539d,"{31.993: 8, 31.995: 4, 31.996: 3, 31.997: 2}","{35.871: 34, 35.872: 3, 35.869: 2}",189
f65310134f6e404ab60f40e544b1e68b3c4f91fd4d64ec1ed22ee25b1752e45a,{31.966: 1},{},58
f6e1bcfb64a6179e99dd84b6c712b157c1c39a8abc77aeaa363e8f5064764d37,{31.986: 2},{},7
f812095cfd0e0cb04befd8a0a77e9bc1fa94d0becbffebadf1f11b2ef1eaf66e,"{31.984: 1, 31.954: 1}","{35.856: 2, 35.912: 1}",112
f823b15297a8fe564e7e5f05f749d08d1eae40cb3d0c51736325656cd89c995b,{31.988: 9},{35.867: 1},19
f860db4577f73dc5b565f60b6db49c177f2730fc38f589d3407e542db905ab45,{31.971: 2},{35.899: 7},16
f8d5a5dc11c8c16e7f65f52e760961434d429dbb09ba8a89d1f370875c4d7be6,{31.929: 1},{35.936: 2},5
f8daaf8482e0559b0915aed3217d100d3f5b0683a103b947345f640bd89821fc,"{32.004: 9, 32.021: 1, 31.994: 1}","{35.939: 5, 35.896: 1, 35.93: 1}",61
f8ea18821afc17ce8da7d963ce05652924438096d379e3ad0d3ba12000ca3cdf,{},{35.864: 3},15
f963cd8f4b403699642e264c6dac92c515ac05611bd7e0d55e169249fe72c3d4,{31.875: 1},"{35.932: 3, 35.93: 1}",20
f9683ee31cde0a503341b32423e1db76baa96a1a4c742e1156b3cf7aa71fe339,"{31.957: 3, 30.084: 2, 31.963: 1, 31.959: 1}","{35.868: 9, 31.352: 2, 35.865: 2, 35.866: 2, 35.856: 1}",318
f9bf5fce8a5f9f024538d37751c400de91c4ba1db65d4badbdbc5c7fd2dd4540,{},{35.839: 1},8
f9c1ccf2db0c0c03ce8215fe10ee9f28961451f7867a78a23fd659af2945f238,{32.022: 1},{35.884: 1},55
f9df8a86b753186c58f4c8693be0740768a1aef9eea66e85975b727cab55e6ce,"{31.952: 1, 32.007: 1}",{35.847: 1},7
f9e833a7f7b0161d3a376da0e36e7ecf9a15f1769777f8087e2bf18346191e3c,{31.888: 2},{35.858: 1},9
f9f164ea891a4176f3469bb300cbd3da6db689f905cb6b7af14fdec2cab581eb,"{31.954: 3, 31.955: 1}",{35.885: 1},32
fa0f7dfb4fa0d215d176db0a41455eb306572dba2c84ae72a75e6f31c7cfe5e7,{},{35.887: 12},25
fa42a7f9d8c0935873d067523a29a525d326ea9b8b9259d73011a11b8ab621e5,{32.031: 1},{35.874: 6},24
fa6be0a84488673b5099fa7ccd902c241373251f896ca7fe7b67033e669eda39,{},{35.862: 1},10
fc18cd7c2aa147967492e0007682dd1eb7292449caa3f39da5536959ae5feadb,{31.975: 3},{},9
fc25aaea755015cbabe68c8989b9c26cd7d5f9cfca9bfe0cf861cd599a037842,"{31.975: 5, 31.973: 1}",{35.884: 23},87
fc651e39b70ff793a1ae95f1b96412d2ba7dd0a823b959c8471bc498579d30d9,{},{35.885: 5},53
fc85a813dec3fe450945fc9b8456feaf9b796287f62b5eaf8e3f3562e86a412e,{31.942: 3},{35.882: 2},34
fd0a5021999567bdf589932542be4b4965109d5d370d45ebf02f168e50a12ee8,{},{35.847: 10},49
fd2c5692f4c71db79c4cd44c92e8e07fe6824babeea7c14d232f3a0afb040555,{},{35.877: 2},19
fd6b4b165e55a424e3090797969b9c9e32185a52bdb5829badb45cce5f1cc015,{31.987: 2},{},8
fdab482f8b8e8d15bf7f0b8361a987d6996630a4d5f88800e4488407aebed5d0,{31.964: 6},"{35.906: 2, 35.908: 1}",24
fdd21e32f1e69e2a5374406f83a071705c57cb970f13a842ef1a43cf037f3b1e,"{32.008: 1, 32.01: 1}",{35.789: 2},21
fddb77267693aebb83495c1e341cef835fc911798535f78ac3cbb894cddadf7d,"{31.981: 1, 31.946: 1}","{35.846: 2, 35.867: 1, 35.843: 1, 35.838: 1}",70
fddce900b47e50ea82db6ac5a2cb6dc772e7e36ee9ca9923240adb8f9298faf6,{31.967: 1},"{35.788: 1, 35.841: 1}",76
fe055f377a4d6c7ab43f795850dccc994a4bda571190f6aab668f19e9fd66c3e,{32.028: 1},{35.865: 1},37
fe4dfff1f20aa9ce43bfc6260abb99ee8d8c5bcb0f78de9ea0ae608ace58c026,{31.965: 7},"{35.905: 2, 35.907: 1}",14
fe62229cb720d861f1ddab007f2218c247da755dc1108748bdc8d26120db12ea,{31.963: 2},{35.909: 2},11
feac08e0f462092a8f6fb9019f20150d5e3a507aa0d99f1e52aa7227c0b994db,{32.048: 1},"{35.883: 1, 35.882: 1}",240
feb325cb69635fe51631915fdfa79ea10dd66420c83053cf772340108231d327,{31.943: 1},{35.863: 1},21
fec3424ba7dbadb1822f1cf47ec4f2fc20f7a321d746020485e529b64d498bd8,{31.946: 1},"{35.845: 1, 35.853: 1}",5
ffc06b495b2be53497f7673db10fbf006fc05ca3ea869b1a68c0ea5eebde7e3a,{},{35.865: 1},48
ffcab9cd6a9a7c9b7f3c722f55d1d23f3060c53208fbbf9c3e6aa02f99376b8e,{31.954: 1},{},2
ffdf5861dec7d9c83de6195c8f517469103e60e4fa79332b95fe2c6d05bfa23f,{31.933: 1},{35.913: 1},2
