merchant_id,lat_changes,lng_changes,lat_nonunique,lng_nonunique,group_size
002225f0f3a28cbc13591d70a1ec6ac3f254ff0ecd9c9cb0ad5e15d63bfff0d0,2,2,"{32.027: 1, 32.026: 1}","{35.858: 1, 35.857: 1}",4
0083c5defc22769e7e35a5966fbef22324050f611eb0f594a08a1ea8b1aef8cd,0,2,{},"{35.846: 2, 35.847: 1}",5
01427158703e37aafe4301e3e5d0fe6da6949ec9b2c43d66e699b7caf2e63bdb,2,0,"{31.941: 2, 31.942: 2}",{},6
019f4480ccdf47b8668f9b5bfed21e185b1d502fbfd448247a687820275f84b0,2,2,"{31.975: 1, 31.974: 1}","{35.846: 4, 35.847: 4}",25
01f60c996b2ab73b0f51fd818f3ddfb20adcbc3fa7b2ea5232168eeefc9fca7d,0,2,{},"{35.868: 3, 35.867: 3}",55
0509491ca75681e3e09c62cb56547535e2f721f173b6b993ca9663af3c2c48be,0,2,{},"{35.909: 1, 35.908: 1}",6
05f855e370034f6545fdecee907e993e73157b88197547050d9b44079ba8c355,1,1,{32.023: 1},{35.875: 1},5
05fac777cf224944bd65a4541767b03f1e7bcf28d2cac0db594d4052bcc283ac,2,3,"{31.989: 4, 31.99: 4}","{35.871: 1, 35.872: 2, 35.873: 1}",23
0777c38b42aa7225594b40da205985a2388fbd4f58c9c28d4bb2e4759965f19d,1,0,{31.984: 1},{},2
0881ef208a14a2bd4028144c2cb486a7450f65411fc2ef98287c2e28aaba5384,0,2,{},"{35.853: 2, 35.854: 2}",6
090aa040161b4585b92fcaadc868113ea804a7e27cf7a224b7233ecb94ab9774,2,0,"{31.957: 5, 31.958: 5}",{},63
099f72106e06950bd38b5cbf6b93a58ed0482164dd3d4674efcd3f4910a786d1,2,0,"{31.98: 2, 31.979: 2}",{},7
0b62c19e598c39aae98751d69b8d1a5d59b2b06d40542f4489f89e49ed72ea6a,2,2,"{31.997: 1, 31.996: 1}","{35.841: 1, 35.834: 1}",7
0c0687d6ebc36d419d0515f200d8d42ea38422f1c25e099da70f5d785bbdfd1e,2,2,"{31.957: 1, 31.956: 1}","{35.856: 1, 35.855: 1}",13
0c0908e5f60057ae03818e606296caf66f5e0f1233f8ee019714ea091b461094,0,1,{},{35.831: 1},3
0c51c0b49a1076c6adf0ca6c8843963ca79eaa292e2e3175d22831f73606d77d,1,0,{32.001: 1},{},2
0eaa1cdece68220c4dcea9e85b23ff62d4db2acfff2292f51212c740145a556b,1,0,{31.969: 1},{},2
0f576f8004fbb125c220cb1f6369d87cf8b1a68d2f7853e9156d88ff9b8516bd,1,0,{32.002: 1},{},5
110cedc8c5944def101659c59e2d55be158011de75c4f9122eecacb061d7c42c,1,0,{31.955: 1},{},8
11683fe32fbe2b280e97a47df3433f8cf8ba4a8fa2fb97e2c8a6ee32ca10a40c,1,0,{31.94: 1},{},4
12e4c1ef38594173a25a467eec0c691bf226ad6685856a3270df7c75c9e37dd1,3,2,"{31.994: 3, 31.995: 1, 31.996: 1}","{35.87: 21, 35.871: 20}",77
1335d715b112edbfa6c588a1e6fa572d8d0e9a46184a3fd515b5e9b69b90680e,0,2,{},"{35.868: 2, 35.869: 2}",12
1350d0ff5197c0230b2af7cd498e8f661a16b03a636f3da0497e59d570ed729f,0,2,{},"{35.848: 1, 35.847: 1}",4
15ba7cff49804409456d30979bd9c368e110c77b871b52cb5e9730de754c0e4c,0,1,{},{35.937: 1},2
16287482b45bdf0df458243098a997c7e2e36bdc7df41bca7badd8f60cbbae03,1,1,{31.948: 1},{35.866: 1},7
1954a766a2004725ac2b9734e89c4ab62e6e209ecf5215a471bf251fb82d3cb4,0,2,{},"{35.885: 1, 35.884: 1}",9
1a7a673da10ec4c0eb44531f1b0906db3f662af50193fe982aba39bb1e8bed5e,0,2,{},"{35.85: 1, 35.848: 1}",7
1abc644ab32613b6f6e2e76ac56e3c3689e8c44c52ffbefb8e1b0c9a927660d5,2,2,"{31.892: 1, 31.893: 1}","{35.844: 1, 35.843: 1}",9
1b8bcec6589ddbbe453cb9db72ca7ba7e5abba57ce44e8cd5c7d5389f05dab75,1,0,{32.027: 1},{},2
1bb5d8e7826a5d5d358debad312bd1e92b1494103a056b73d7a8f0ba589845a4,0,1,{},{35.845: 1},2
1d3a41d2a7c6e8f38647dae4c268edec063a84aeb1508185e3ba4e36d8083f7b,1,1,{32.026: 1},{35.857: 1},8
1dda3470f276b94ee52e32290bc6e6cb9ad6352b84482f39bc23dcb0a935557c,2,0,"{31.941: 2, 31.943: 1}",{},5
1e380f41acf14b4da4868be6f54498ae0a77a3d5b0338bc5b12f35de703ca559,2,2,"{31.892: 1, 31.891: 1}","{35.851: 1, 35.86: 1}",43
1fe0ff3ce19cd8a0fffdc7e448b0b5396d0151aa9c27cdd20be30583aec6709b,2,0,"{31.991: 2, 31.992: 1}",{},5
1ffb3df6f15d43edcb9e8abd414a0d3436e783e25d42bfd88438d6acb55a28e4,1,1,{32.03: 1},{35.872: 1},14
20bf3c4076e3e6477217331240185de4584a1e161e9707d3ca9eac7c91bb1e74,2,0,"{31.996: 1, 31.995: 1}",{},4
21a884d322ffd0d6871a0cdeb62b308ae57d2d7879a64d278330b0d6f8ee441c,2,2,"{31.978: 2, 31.977: 2}","{35.842: 2, 35.843: 1}",12
2261254496c6a07c1f512800c2b30d630365eeaf0fc890f541d92f94f89c2ccc,0,2,{},"{35.84: 1, 35.841: 1}",23
2270d27d3c42cda8a93af4575088889d383143c66d067de824175d67daebece2,2,2,"{31.963: 1, 31.962: 1}","{35.906: 1, 35.907: 1}",5
230ac3480dc18150ed2a77604500a9cd83cff21dc30d694ae7ee95554d5ef1b3,0,2,{},"{35.864: 3, 35.865: 2}",10
231b72bd73e46cb7dea06951a37c93e2c6b1fb905db8276eb7fbc5459352865d,0,1,{},{35.852: 1},2
236a8bc9e7636ebd8fdddd7028caa3667f3c95cb7ea48d5a66dfabee2f0a7f4d,0,2,{},"{35.885: 2, 35.884: 1}",6
23999e41193f4c7f5d5c54b52c74c221cf9da48e24c0325fc88c8c901657386e,2,2,"{32.029: 1, 32.03: 1}","{35.872: 1, 35.873: 1}",5
249978f1e49dca86ffe8145e7f6a2d8a599866f5d9f794556d2dac386204ee1b,0,2,{},"{35.887: 7, 35.888: 6}",22
24c7a5e32eabef36c7a95d54f5fe8db594ff17018f59566ee542b0d69abcf36b,2,2,"{31.966: 1, 31.967: 1}","{35.898: 1, 35.899: 1}",11
24ef1d22ecf5df38d7c72797d54b032ceb5dd4c65eb30ccbab13febf48678be7,0,2,{},"{35.848: 3, 35.849: 3}",18
257db4622f503a4b84443025ce53bade668d433948fce63564f1a02dda13af34,0,1,{},{35.873: 1},4
25dee227e212994da18b0a046b082e08dc3c4e27b26878806a9b70a5c0b7f1b7,3,3,"{31.975: 5, 31.974: 6, 31.976: 1}","{35.851: 1, 35.854: 2, 35.853: 1}",59
2642c44563ab5029d282241a0fa6512b820c4375f3e280997be52bb47dd8481b,3,3,"{31.948: 6, 31.949: 7, 31.944: 1}","{35.893: 1, 35.89: 1, 35.892: 1}",39
267661101b0036ea49d0eb0d938e3842dd5ba9291ff269278f2f16df92998ac5,0,1,{},{35.895: 1},2
269fb4ede1155470822e7df2b38ab1b8e0cc9f662185f61c9d4320c1dc9077de,0,1,{},{35.88: 1},2
2711e30444fd60da882bf58054c4f2d439a3f96e21d748495af6024635cb71ec,3,3,"{31.973: 3, 31.972: 3, 31.967: 1}","{35.884: 1, 35.879: 2, 35.881: 1}",20
2a46c2e1acb409f9a00661ca4e5ddda244455c92fbca0f414e58efa19b028412,2,0,"{31.985: 2, 31.984: 2}",{},5
2addfbbf41ae339ba5b686394f32500d6493125ef7031f80a2aa6e4ee972eaa7,1,0,{31.944: 1},{},2
2ba7d254ea9689697f4b2e3f8408fa76514cecc93eca0a776e68acec1c2ce7b3,0,1,{},{35.856: 1},14
2bbb3706afef61a1ea60249421e364ddf97faad8b6e9caa1920f86fed155ae46,0,2,{},"{35.839: 1, 35.837: 1}",3
2be04a0fb8cb58317cf29291115a7e05ff28dcfe264b8d056903cf5fbd8af637,1,0,{32.022: 1},{},2
2c1c36214e88ba2e08c5944920a0eba879793e31af30a5a5a291689f504cb589,1,0,{31.985: 1},{},2
2d68a265edb031a2b296abdf5fd9ad7c3aa23a2e417a6714b859920def3856a0,0,2,{},"{35.855: 1, 35.856: 1}",11
2d8ae9a42f734a783cbeba628848d349f7dfe80ed645a673b03ce0ed4f452877,2,3,"{31.949: 1, 31.95: 1}","{35.87: 1, 35.873: 3, 35.872: 3}",22
2d9ea239f20b1f6aec876f7e8cb4e764b5855726454271fcd4978a2d8a76598c,2,2,"{31.974: 1, 31.973: 1}","{35.842: 2, 35.841: 1}",22
2da102cf31acb28a5a1568ab4bc486dc63fb485942d0334b3fd584394fded67c,2,2,"{32.002: 1, 32.003: 1}","{35.937: 1, 35.936: 1}",4
2e682642d5d71549b2266f71632cdd3aabad25144e3d16a791ba132d06212bd5,2,2,"{31.971: 3, 31.972: 3}","{35.897: 1, 35.898: 1}",18
2eb3c28d347c3cc38643f0f1d1ec46afbe264afb4143cccf1855f8b91174905c,1,2,{31.896: 1},"{35.866: 1, 35.865: 1}",3
2f54581a4e1a60dd9876eaea0aa7dd406eaec59bddc93c1ecef39f4907786a1d,2,2,"{31.896: 1, 31.897: 1}","{35.864: 2, 35.865: 2}",21
2f5dfda92f6918167bb3afbb37f65b8db7241a921de90d0e7924291baaa163b4,1,1,{31.951: 1},{35.934: 1},2
2f61e7423d22972db82d93b99ef895aab2ab4e866cc97989d8ba864ea06ea3a3,2,0,"{31.97: 1, 31.971: 1}",{},14
309dbbff58e2a317f7a67e193918e82b405d9eb7f73bda697219bce613cbfcb5,0,1,{},{35.864: 1},3
32b45193dfa8dfd6b81fc68f61fb93767a8298138fb590e14b4b4bd6cfb212be,0,1,{},{35.937: 1},3
33377f2798f25d3dba4af8afca2bcdcd456f634326e20ac972cc3f7d0f48fcfb,0,2,{},"{35.892: 2, 35.891: 1}",4
3464ad0e41a916152a707a634bf5a342c997753f8eca317e645af870fdaa4a77,2,3,"{31.992: 3, 31.991: 2}","{35.868: 3, 35.869: 1, 35.867: 1}",9
36dbe74798b395c4b5966e02ef555b7c8f5928a03a5f162082748e63af430229,1,1,{31.974: 1},{35.842: 1},2
37442e2d8b094c16e542523d51fcb5ce3a5ef36fa52c284070cf953233115f40,1,3,{30.084: 1},"{35.864: 1, 35.865: 1, 31.352: 1}",5
389849604cd9ad29f049959a65d0b2935601ec4b8fcdb52d4d5b3ad0abfa45cc,2,3,"{32.004: 2, 32.003: 2}","{35.939: 7, 35.94: 9, 35.938: 2}",69
38c43602ff73cb8c2f2c3da24a07be96e3295f460e5fbe53e4d6a1d0aaec6648,1,0,{31.891: 1},{},3
3922f8e053e1d068a161b753f9148c070698d3d559f9349f28ed79411cd4360e,0,2,{},"{35.914: 5, 35.913: 4}",15
3a5c8a96d50770349b1b95b2328dbd570587761ae99434d32551fb701959fe84,0,1,{},{35.872: 1},2
3ad2878471f1b79e0b50d1fbbdc82417ffffdf83008ef569091c12ee8241a615,0,2,{},"{35.788: 3, 35.789: 3}",19
3b7bf004225312b2243a4f70288b6bb4d6a7819f5d940a2371c5f507bdfe46d0,1,0,{31.889: 1},{},3
3bfb86dbe8bbc27fec1b44604e633a22e87637bfe6b61fe9ccf26ee44270dfd1,2,0,"{31.967: 1, 31.966: 1}",{},3
3ccf524304ee83431d2994af22b716b2351d8e7d78a4fe65a7ef9f43b09d8e88,0,2,{},"{35.846: 1, 35.847: 1}",8
3d9a38cd7a4cb82e79ceb392e32ed18dc28aff4d584513daab3c2cca21a6ba7c,2,0,"{31.953: 1, 31.954: 1}",{},5
3ee225a1c2dcefd4ee438fb4b0545900f2cf5fcdf2205499e96a188ccee3d3af,2,2,"{32.024: 1, 32.023: 1}","{35.851: 1, 35.85: 1}",13
3f838dcd84f83f31137514d913eaf1fada5d9857742ff4312b7a70f9d8e3c9a7,1,1,{31.846: 1},{35.884: 1},2
3fe89c9bf89508201928db7849966370c702903a977b33ca21232933ce3f4a33,3,2,"{31.954: 8, 31.953: 8, 31.907: 1}","{35.931: 1, 35.884: 1}",35
3febb13542a6c6c194c9f2c069b0fa1edd75e41ca9d53caa23c3cb50f9896c6d,1,0,{31.964: 1},{},2
401173ac8f8081d1099b002a10b45314e344acd0e3b3eb1b02284e8cebd39566,0,1,{},{35.935: 1},5
415fbde26ca335d843ee53e000cfbd66ed50da5479fc0e851bbaf5a8535a9721,1,0,{31.997: 1},{},14
425a7e78825ecbcc611a7910dad63db159123c63d475fef30bbbd1d2bc36a10a,2,2,"{31.949: 1, 31.95: 1}","{35.885: 5, 35.884: 5}",34
4353f975cdc98f80525dab1b388b5367e5d808733c0651d7a87ffc64d1b3c740,2,2,"{31.983: 9, 31.984: 8}","{35.865: 7, 35.866: 7}",27
4401b0af2ff8268063f26856b2011a58d32cf73e080352a580110f4631d1952a,3,3,"{31.956: 1, 31.954: 2, 31.966: 1}","{35.883: 1, 35.884: 2, 35.899: 1}",17
440fee9f796839a9d81bb772659ba6e4c08832f0274e11a2345cd4a6e6139439,0,2,{},"{35.847: 2, 35.848: 2}",8
4497a13c671638d4240ad1f1d4caa955850efcba84c39dd524b2737f79f3e1e2,3,3,"{31.973: 1, 31.974: 2, 31.97: 1}","{35.853: 2, 35.854: 2, 35.846: 1}",25
464ade7ca1764a3a225469711cf2da09a9b5d9f36bd354df090d1e7f88f1a20c,2,0,"{31.975: 1, 31.974: 1}",{},8
46e50a2446506c7fbfb807430b7fa7436d0feab4f3b4e46adc19e6556952a327,2,0,"{31.955: 1, 31.956: 1}",{},3
4829cd25ef775f9975fb03b9233dd392db8761240024f23a1c2107c968a786ab,0,1,{},{35.847: 1},5
496372446b26a6a93ba9c27f086df150e8a664e316d11deab2983b3034d82fca,0,2,{},"{35.855: 1, 35.856: 1}",3
4bb2e31b684062c3674f1b2a7f92ed4c8d689ba2a6ebbeef1fa5165436d4600e,0,2,{},"{35.838: 1, 35.836: 1}",4
4d7610aabbbd92d1a455de5908def7ebfdbe355e5ba278d245feebc3e37fc9e9,0,2,{},"{35.838: 1, 35.837: 1}",4
4d990496a03b0490fb10a587f99ede5fa7a599c129647e8fe6bd11255e37d515,1,1,{31.973: 1},{35.841: 1},4
4e8acaf47dd315155d020a506b4096d3177019d1704852a1615532a0e4c69f9a,1,0,{31.996: 1},{},3
4f5ac2df7e1a42669c41f81f74800a1be70c6886c0dc3988c98b059b9a356fad,2,0,"{32.004: 1, 32.005: 1}",{},6
5067020f51a394daa5eea6853914e8bc982963f355b148c003f8c45630910b1c,0,1,{},{35.872: 1},5
519c64919be85c62ac73e492f4350ff68ec61632d64fdc1c97801b8fc17c5073,1,0,{31.974: 1},{},3
51f8748d5985225a32dfbc681a629a186f9fdc6a9918968aad9ec0fdceb158a5,1,1,{32.009: 1},{35.834: 1},3
521b414fd7124d78ce64099d321d864be907289005239a5cc677eb20ce8f8d9b,0,2,{},"{35.848: 5, 35.847: 5}",33
522071c076ebb3a4446515b5bcd464a0fb69272b7be68b5e70e7040f55b0f42f,0,2,{},"{35.873: 2, 35.872: 2}",62
526cfd880285543817b2408e665eba3a435bc3b2eabde322d245702fd0e803c8,0,2,{},"{35.936: 1, 35.937: 1}",11
5522128c2539407f2e2a56c46cd9cacf010b299e72710d87df836470e5faf8bd,0,1,{},{35.866: 1},2
55854a49136d7ae86898ce39734c8c571f574a74026a6724d48585a67f2ec399,1,1,{32.049: 1},{35.874: 1},6
55a59335f9669662f494b60c24e99a4e15b0b59187ee932b4bda7f32b774c023,0,1,{},{35.851: 1},3
574683177d66212240dd9874517dc10e65d0f266daf512ed49bd128fa7363aff,1,0,{31.948: 1},{},3
57acfafcc857d5f2ec6ad9be2b7b57f92b276d9b0f196d21b4e66702b9da595e,2,2,"{31.987: 1, 31.988: 1}","{35.866: 2, 35.867: 2}",19
587802e9000745da8f2568eb2041a53aa2579d16e93b8cff790b0a2aabfb999d,0,2,{},"{35.917: 1, 35.916: 1}",3
5a191710a2420534d8a067ea48e3723cb5fa85dc6f06748fca9d7c1c89d7f9a0,0,2,{},"{35.907: 1, 35.906: 1}",12
5a412dd645bb4459bb7dae312b1c68f5a32ee8d17fbb61652f3cfa63e545bde2,0,2,{},"{35.894: 1, 35.893: 1}",4
5bd0fdbde158d6273f1a528e90d775a729ce52f03f6013e7bc6bd58c04c155e5,2,3,"{31.952: 1, 31.95: 1}","{35.873: 4, 35.872: 5, 35.871: 1}",31
5c80f86c6107be533b20e092c38e5b5792307d7592dafe8efe3cf68f6df73f45,1,1,{31.977: 1},{35.843: 1},3
5d3a054bd55770ac7eca33a0347e190b00406290da5856a1473297c6478740ff,0,1,{},{35.877: 1},3
5d96b2f31114b95e95faf0406dfcfb183adb3884d46d79d9758510afbce7480c,2,0,"{31.948: 1, 31.947: 1}",{},3
5e5de1ee54158f89d775bc7525758d9695d64ff014d2033e9c89e581756527b5,1,0,{31.985: 1},{},5
5eca1b47e728ade1b84e907598bd5051a439cfb4cd08f2bf2fa1aeba693a476b,1,0,{31.972: 1},{},2
5f63efc09056886788096c792b5aa9d541d1e080a684e8cd104c5c40e02a657f,0,2,{},"{35.844: 1, 35.843: 1}",6
6030f05416c3454674f4d9178a4df8277cec8d3cfb83e63c8bd7b753ac3411e7,2,3,"{32.004: 1, 31.999: 1}","{35.866: 3, 35.867: 2, 35.89: 1}",15
603ba2a2d80966eddd6e4a80a4e1a6b8f69b7056bfae551d98260fbc8770fc32,2,0,"{31.974: 2, 31.973: 1}",{},7
60c4e52e1a0809e45a1d32e03d3c0357d8866f9e406dd699de49401444aa627b,2,0,"{31.995: 1, 31.997: 1}",{},27
62d4eb16fad43c654d4590bd856e0e04ddc2031ccac0cb8b4c57ba7b4b8a0b0b,2,0,"{31.954: 1, 31.953: 1}",{},8
6309561f2b1dbd868179fdd7b793acae6755ff7c9e0d3c3c1590887f4b23094d,0,2,{},"{35.898: 1, 35.897: 1}",3
6419d05c75362f253d24ce2e041c3a094312dcb7f9b69166f572c6ec45d02d07,3,3,"{32.038: 1, 32.03: 2, 32.029: 1}","{35.884: 1, 35.873: 2, 35.872: 1}",40
64617af018d28718cd558f9005b46d19d1efd4867d857b7212675e81ec4972e6,2,0,"{31.949: 1, 31.948: 1}",{},3
657b42dc863c145d618c2296c5fde5b3b3e45be3888e8092e13175dc6282c6b6,0,1,{},{35.885: 1},5
66d4f32a374b1f2b2045e02cedd741ae81ead4a3f99392095b2110faaed5ac83,2,0,"{31.939: 1, 31.94: 1}",{},15
6758565b2bfec10b72ba5508db8b5a62c6de5bd6bc6e5dcfca2d35ad2935688c,2,2,"{32.003: 3, 32.004: 3}","{35.937: 1, 35.936: 1}",11
67f1f69ccbd0a474dbb458ce00d76d0df1fc02d83abd81f7567f983b371a9882,0,2,{},"{35.87: 1, 35.871: 1}",17
687227fba531548aa8fde03481515c182768b9a908de66ef942bdebec90e8069,1,2,{32.026: 1},"{35.857: 1, 35.856: 1}",3
68944a2891c921cd30a0396c4528858768536b4b4d2b9d7232f62f5f4393bf97,2,0,"{31.966: 1, 31.967: 1}",{},7
6a519fa83dfe07eced3cc27c633c9e0e0cfc0b457c06c09e9c01448a6cb63ea6,0,1,{},{35.839: 1},2
6b3017dcaf73e53ca56cc17a869cfac3d84bd75ed70ffbea2f9345683f9defe6,1,0,{31.987: 1},{},2
6e2e4729bcdcb93a8784cb782774c6efd8ac14c0612f99a6ea2de322cc834749,2,2,"{31.977: 1, 31.976: 1}","{35.947: 2, 35.946: 1}",9
6e8ffcc255343cd4b621277b43eeb4fc5ddd46654333b6e77958da344ce52fb0,1,0,{31.948: 1},{},2
6ee7f0c2c0cca750d94162e2d8d6745355c25ba70b8e5c427f3594d13227740e,2,2,"{32.015: 1, 32.014: 1}","{35.868: 2, 35.869: 2}",9
6ef241819d9ac5ccc68cde77782a504711eafa16c6eb10d849ff324c26c9e391,2,0,"{32.003: 1, 32.002: 1}",{},5
6efb9b35051d7fc01f36957e589228dd2df695a60296889caf312618c541ae33,2,2,"{31.981: 1, 31.98: 1}","{35.837: 3, 35.838: 2}",15
6f7cffa4795c97f5a7be5c776da67159d3d3ba9454f88bff3f8774b7e79c02be,0,2,{},"{35.938: 1, 35.937: 1}",3
6fd39eca02fefd6c22ce305fa801eb5d89fbf88fbce7cab3298dbdbca821d246,0,1,{},{35.886: 1},5
6fedcee0bafc27002e0994dcc3f13ad283e9cc0b8b28cc44d1ca54265efbd154,2,2,"{31.994: 4, 31.993: 3}","{35.921: 6, 35.922: 6}",20
700bd6346fc71397091ada180f4993649a31902174b75101282ae569ff121fdd,1,0,{31.914: 1},{},2
7082ba36628f9b9f3d86477b0a9b82d104ec48aba20deeb54d01aa570e48a5a7,2,0,"{31.94: 3, 31.941: 3}",{},58
70a03569c10bc47c066365d21e36ae9e35d1b339ef9ea5d7f32f5dab017ae981,1,0,{31.879: 1},{},2
7150a2f50f4172a73aaa5921efeed167b9a20bc4b0c4d18c9c645dfe21156bd3,0,2,{},"{35.854: 1, 35.855: 1}",7
71879de9cef62bdc11f78167cf4874c905cab56a02be9ead08685ac6e5e42ec4,2,2,"{31.996: 1, 31.995: 1}","{35.87: 1, 35.871: 1}",26
71949f8cda610f0c3adae7d858cdba49a840edf1c1b927a5b84c7fc40a977198,0,2,{},"{35.893: 1, 35.892: 1}",24
724ebc312ffda9864bb3575cad4a85270bbe0be57be6ef93636f1537f19e4f91,2,0,"{31.905: 1, 31.904: 1}",{},6
72cbebd959f5e4facf868f84fe5d11a1f9d14ba6999d6639047793ad1c21af86,0,2,{},"{35.863: 2, 35.862: 1}",9
74f57d4de8b2e431464556a88a364e36fa78777fd24f357ab685690b5ed39ccd,0,1,{},{35.897: 1},4
74ffb9b6b30f37e1f61ecd665a182a7bc9d3e0ce2358caa0f3d7ad0048cbc61f,0,1,{},{35.837: 1},2
75d8e5225fc98abcfa10b64086292a6c5385c7c3db1457bd001492c24dda6c7a,1,0,{32.021: 1},{},2
7806fab1730878d0a0bba44582d96fb8f0798b22347d35698107f4b703686d6b,0,1,{},{35.86: 1},3
784a2a8ba3aaa0d5c156bb26719fda6f0143d234f2257e252859d6cec81267fd,0,2,{},"{35.882: 1, 35.883: 1}",4
788f754ee73c70ca562672c7fa1fe4314156ccf56ff96f9e5cea113b59cc3051,2,2,"{31.954: 2, 31.955: 2}","{35.856: 2, 35.855: 2}",17
78e17eb3011da83f314e70dad15ec5f64ac420ee5142d65075c4622296fe081d,0,1,{},{35.885: 1},2
792a8299eb5d9a482c77ed82d62aeec320984fdbc1ce1fda79ffbe25c0193f6b,1,2,{32.014: 1},"{35.868: 1, 35.869: 1}",7
79a8e5c5f53aefa01953ee1a592cce456f1f21c9fa24cf9f4218d4e55143d7d8,2,2,"{31.963: 1, 31.985: 1}","{35.883: 1, 35.859: 1}",8
79ea6c54f2f30dc62d3382c8076e3bf377dd4fdf335811ed147d1b3409c4c8c3,2,0,"{31.953: 1, 31.954: 1}",{},3
7a30c355223ba5a2b0f1391f8e402ab475a74a2f65f87b3e3db9792b5299a04c,0,1,{},{35.908: 1},2
7bbb74a9818cf821111f1fdd6928bad21931698dd8f69b17f0a5de54ad2caffa,1,1,{31.997: 1},{35.853: 1},4
7c96ddd07b5438f3391eca9589baa1d2a4bad8f9e9f7729c1e14a6e9865e5434,2,2,"{31.978: 1, 31.975: 1}","{35.882: 1, 35.883: 1}",58
7fd4f5e36abe2f1443fa46964520a24ce32c7f7c9655ee49c0373aa6a4ef8819,0,3,{},"{35.889: 1, 35.89: 1, 35.891: 1}",6
804cb14e2117be77c7549dc0f6e280ec630eb2e58bcb964ac2cb11cc2493386f,1,0,{32.049: 1},{},6
813d2e44b672dbfc3b883c23d6d3cc9b54f3e82d02959172454ecd858cc4e119,2,2,"{32.021: 1, 32.02: 1}","{35.87: 1, 35.869: 1}",10
836e779e7db33e07aa963088fb889ff6a8bea7a2166eef7e2dc0cc63866dcb3a,1,0,{31.987: 1},{},2
855201f6426c16a18706449da2076206245e733943d651ab80b10f1037efa9cc,2,2,"{31.978: 2, 31.977: 1}","{35.842: 1, 35.843: 1}",7
85bcc55f4edaf8b1555776a597b8dd1e7ee7acadab71109dd28ad0697c2758da,0,2,{},"{35.854: 1, 35.855: 1}",6
866767dacea6d9253d36c68e6ef5b58f44f35fe9fffb8e8e76010e7ce3ff2ea8,0,2,{},"{35.877: 1, 35.876: 1}",11
86e45a3b889a8110002424daad0f63c73abfc1d3cd4decbb61c24d7391a84c5c,2,0,"{31.999: 1, 32.0: 1}",{},4
8708db8db0e0f52b8d756a0b9295c331de9b5a74b9c74226bc8aa7ae6f1c2504,2,2,"{31.958: 1, 31.959: 1}","{35.865: 2, 35.866: 1}",5
8728cce80eab5a9a2260f0e993c046a75612e06f87b5c4c14b0bd35596982c3c,1,1,{32.029: 1},{35.863: 1},7
876946f2789bbec8bf6f7986a48918f607e6e2223d32547290930c375274e12e,1,1,{31.965: 1},{35.889: 1},2
87ff67bdb029b83bc178e5333c338d321be1f711ddbfde166fbbd11d0060a9c6,1,2,{31.954: 1},"{35.856: 4, 35.855: 3}",23
88db0a38e53be168fa77318df504445f8daeb432ec4fe287159e3f2a97654543,1,1,{31.997: 1},{35.85: 1},2
8981da1f229ae878ab77e313c2cd2b2a2260cae2a73c1da6f528eca2ac19c0b0,0,3,{},"{35.854: 2, 35.855: 1, 35.853: 1}",5
89b40acf5cbf642a5d03785425cfcf4355367de745039d2be0382264079f4118,2,0,"{31.967: 1, 31.968: 1}",{},3
8a46f750a05ba2d767499a7f34028f9a8a4dadc0cff2ea183e7602559105b56c,2,0,"{31.914: 7, 31.915: 6}",{},35
8a657e41dc0bcc63c06dfe476adfc579f2827379646cfb815eee4b4a0d73cdd8,2,0,"{32.022: 1, 32.021: 1}",{},13
8b0abf1c7e493c40d0e1ecb2899ae197d72429764cdd52f305503b9382972120,1,0,{31.967: 1},{},3
8bcc892db598f39e533f98461a3392bc0a05a3331a9ed8cc4cf8f5e5e2ad1f5f,0,1,{},{35.935: 1},2
8d28b6df2fc07c031aa418ba534cad6232efb41462459b442e16c5eee373c75f,1,0,{32.008: 1},{},4
8d46d3332477f97d5d306452524b78e93c3f8f1f7726542003ab962085cd62f3,2,0,"{32.03: 2, 32.029: 2}",{},40
8da63e27d634a5fa8b5d80a3c5b1d1856082678b8ba8f2784dc811ff4761e03b,2,0,"{32.03: 1, 32.029: 1}",{},3
8dc02d9e375140df5df3e0f06b30e97c93fd1e1cb70613dc4e00ba8f32f176e2,2,2,"{31.941: 3, 31.942: 3}","{35.884: 2, 35.883: 2}",10
8ee5bb6960b5fad6c61c523c3b7a2ae779bb5e1d2e1da2eaa0878bab10e6c535,2,0,"{31.917: 1, 31.916: 1}",{},18
8f1c898db7a25bf03e46bf64afab20eaeb426519094be5e879a97de1f1630b3f,3,3,"{31.975: 1, 31.974: 2, 31.986: 1}","{35.853: 2, 35.854: 3, 35.847: 1}",78
904dfbeb959ed87bbe0ac3535c864bf650c3abe44b8c6598042ee6d064e2b759,0,2,{},"{35.837: 1, 35.836: 1}",10
9086ebfa88d098b5ffea14ade0de8c51c25c4713083370763d7bf790251679d6,1,1,{31.919: 1},{35.907: 1},4
9156b6d92d523d329301b9cd192930f79644cbdb362832534edae1404b953cf6,0,1,{},{35.982: 1},2
92579f173a3638fcd14e213e5358abfa6983420825996a2fbacca8541184f46f,2,2,"{31.97: 1, 31.969: 1}","{35.92: 2, 35.919: 1}",7
9291ef6b1c61f268e0135c20eba8561677bf1dcc73886834f31b51db96a83aa1,0,1,{},{35.855: 1},7
9383827e1f508173a5cb39ed5fceb947c97b637cfefba793fd113ac1f4996e09,2,0,"{31.947: 2, 31.948: 2}",{},13
93a18c009bd4ad983b305e324f08ce1c33f3234c1dee53a7696c551f7837566e,0,2,{},"{35.874: 1, 35.873: 1}",6
93cd92ddede8384c3b1063012b2ea7f52698bdb7b18130faf9ce0d012eacbaf6,2,0,"{31.96: 1, 31.959: 1}",{},3
942c390811c0bacde1b5040103c9b27ee26678b51fc1fde39a623781ab344d05,0,2,{},"{35.848: 1, 35.847: 1}",19
9436a061d36734bd0e08cf7e499ce168e45abe4a6c976a5fc615f69bdb053f37,0,2,{},"{35.926: 1, 35.927: 1}",7
943b4e90c25ffd1cdb677d979aa8ebbf1f6c9af99299ac32cc8e918794cba460,2,2,"{31.961: 1, 31.96: 1}","{35.876: 1, 35.891: 1}",21
95bc60e65990581f75d2b2d7f9a86cba42dd1e44dd1809d1a2cdb8a1b28dd3d0,1,0,{31.983: 1},{},5
965527870bcb4e4bdea6cb12b21dd7a5f3c10920f5a1d9e6e700ca73e8b95164,0,2,{},"{35.861: 1, 35.86: 1}",3
9704cacbda2ec5dae8fda1827bbd77d0933e066a876595f67521c6b9df5bd914,1,0,{31.892: 1},{},2
975948fecd8c8bba7b68b2f3b327ca0c393836c180c7056aa5ed1dfb2ae241b8,2,3,"{31.976: 1, 31.975: 1}","{35.852: 3, 35.851: 4, 35.85: 1}",31
97efb16d2cb0946ddb625e3867dd2b8f825d5d93690e14caf62c2bf22b93482f,0,1,{},{35.932: 1},6
98a1cfb928837625a52b292fe9cde4bbe0290dc18cae58445f8fd623ed36fcee,2,0,"{31.974: 4, 31.973: 4}",{},16
9945a77811bf0d38214ba57b4a726fd42185d52a16266e41b160785c4901aac5,0,3,{},"{35.87: 1, 35.869: 2, 35.868: 1}",30
9a46eea629ef7b813c8360f4af1ecb0b1e79601a71342d2830acc54fad814188,2,3,"{31.988: 1, 31.974: 1}","{35.923: 1, 35.884: 2, 35.883: 1}",20
9a739a72116ac0ab200a460a10ad168fcfc0ad1be679e051dce5e7487771ecef,2,0,"{31.957: 1, 31.958: 1}",{},5
9ba482b1a040713aef6acb064c5b676642ff1cf4e8472e9b7d5bbd3521bec921,1,0,{31.989: 1},{},10
9c3f662a7f432f1727bd7b308b28a020b632e9947870725265a97202ad3c8b1b,0,2,{},"{35.868: 1, 35.869: 1}",6
9c84bfc8adfe5fcc0637a8e559e5888e1cc71e375d584d2d21b42e1af69ec658,2,0,"{31.957: 2, 31.958: 2}",{},22
9d0ecf9d5cafabbf5605587c3b6cec9ee54874c7aff1a40d992e83278df77f27,2,1,"{32.03: 1, 32.029: 1}",{35.87: 1},4
9d9ce0cf0322f0d13aac7e4146add9c2d641c6f358bbec8f851337ecb6730502,0,2,{},"{35.863: 1, 35.864: 1}",29
9e1c02afc2749f93d6ac48e5c50cd8a6dd0e774acfb4bbce660e67c162674cd8,2,2,"{31.962: 2, 31.961: 1}","{35.877: 1, 35.878: 1}",6
a14f491c7fe8481232ebda6847dfa64304cd9086ee89bc8238e144b59e99dc40,2,3,"{31.918: 1, 31.919: 1}","{35.894: 1, 35.892: 1, 35.893: 1}",8
a2f40a72917341a8057e52c0bc901f5c619f1ef24da5a8e6bcadeca1a6e89175,1,1,{31.995: 1},{35.871: 1},3
a3a33aa89b1fb556e630f30e00dc8ce6817ab81e622a8b4d8a633c93da4235b4,2,2,"{32.03: 1, 32.029: 1}","{35.872: 1, 35.869: 1}",70
a415ac60ae34f239add474205b6d6b8283b4f3383f2bf34ea83c7d86b4bec1c2,2,0,"{32.003: 4, 32.004: 3}",{},13
a4e72a776b4642ba09feec29c0887b7e6522624dba392e95ce4d22e9f73907f4,2,2,"{31.993: 1, 31.994: 1}","{35.871: 2, 35.87: 2}",7
a55d3cc4a0d6fd82dad5c150db832b1d2e3cc635f489502f311dbcd811c718ee,2,0,"{32.03: 1, 32.029: 1}",{},3
a6f9d6bd0448f3db52caecf080197bd2ee59fe3731fec2c1fe4582e8e49a7fb5,0,1,{},{35.924: 1},2
a8adc2873cad8a4eec66c27917767bffce682951d8618fd571b4c96639147b0a,1,1,{31.964: 1},{35.908: 1},3
a9271a4a1e77e280ffb5e4232b5a2c60ff77bc5e8b7597e996edf883b143f8ac,2,0,"{31.952: 1, 31.951: 1}",{},3
aa47a39e22df1d91bf4c42c4ea9d751efbc74ffe9180b431a25b9f76f87f32ba,0,1,{},{35.983: 1},3
ab40b6bb66edf750b70c5fdd533c4674fbe475504efd8fbeacf618e40f98b216,1,1,{31.972: 1},{35.872: 1},3
ac21738c2c42e350b651be4ff7a524dd3ce8818150206c0b0ed2b067ea5eb82c,1,2,{31.974: 1},"{35.884: 1, 35.883: 1}",10
ad34ff3fc5d1c6a2ed27dccdc0676ad78727ef52b884b0f99a5770fa52bc8b30,0,3,{},"{35.904: 3, 35.905: 4, 35.906: 1}",17
ae308e21b2da24c2cfce6ddfacdf07ff89c2585eed5dd7894a2b7ea1179f96d7,2,2,"{31.995: 1, 31.994: 1}","{35.859: 2, 35.858: 2}",10
ae59fd035db515f354eb1076a9bf7244014a0f08e441bbfa99f869f7479a3b57,2,2,"{31.965: 1, 31.964: 1}","{35.88: 5, 35.879: 5}",30
aeba8a9cbfc0766abed2504e933b48ebd698dfa4b39a5a0e312572c7398a15c2,1,0,{31.94: 1},{},2
aeda66c63b8059a4257a6719d21af368a6a702982dedfbc1af83442a6e33f940,0,1,{},{35.865: 1},3
b1dbaf912f13f9987faeb4a93542ef81a1ef7f1611d5440b319df022aaae8889,1,1,{32.011: 1},{35.871: 1},2
b207dce7f047c4b5435d44026a3a8c56ea250b24d08be13f64a07dd257e4fc1a,2,0,"{31.92: 2, 31.919: 1}",{},6
b24d6f4965878fb878f28e9f3a83db16c78e20710603c18d6c1f5e32ba91f812,2,2,"{31.99: 1, 31.991: 1}","{35.944: 1, 35.943: 1}",6
b2728ed0f8bbd46bd6270694b5c18428ebfe40b8e96a9c5c19c5938fe107e292,1,0,{31.941: 1},{},2
b42406f4f0be075163d9ccc3e01bf182b3c277a21e2922d25f6e76ee65152aa1,0,2,{},"{35.854: 1, 35.855: 1}",3
b6271551148f1892591d516e5292b16fa055595bbf6ce4e313ea01df0666caa5,0,1,{},{35.901: 1},2
b6831fe97e96e3667744da22064cef39bffccd01270fe03807ea8b0df6fbeaa4,1,0,{31.89: 1},{},2
b704032e8844bf4d614a797366713640ea1db599a8a4a9734ab6be922e123a80,1,1,{31.957: 1},{35.846: 1},3
b760d2fd940200b2bf23a7c1e1ffd3b76f8f134d071ca1711d50a8879e61858b,1,0,{31.985: 1},{},2
b793061b3acd7108693f1126fff4bd4a9b241aec1d5fe8d4c9f6589fe5ba2400,1,1,{31.954: 1},{35.853: 1},3
b7d059890be8ca14761905b844c3746e91d96fc4376c327229347e63963f0fbd,2,2,"{31.972: 1, 31.973: 1}","{35.871: 1, 35.873: 1}",16
b9301a3a754b0a792d79e62fb22cf2acd9d9498b8efa6c9f2721433ae5a66ee4,1,0,{31.993: 1},{},2
ba511e10532b3d7c5bce10df37cc4b3fcdbb029175cba199aafcfd091b4bef3c,2,4,"{31.968: 1, 31.974: 1}","{35.842: 1, 35.846: 3, 35.847: 1, 35.845: 1}",44
bb3d72db7d47d1669602b3535c5c9143095a155288952d3de120ea4f78bd32ad,4,4,"{32.024: 7, 32.025: 9, 32.0: 1, 32.026: 1}","{35.955: 1, 35.876: 4, 35.877: 2, 35.866: 1}",69
bbd4940617e8c2ff72a65bde1d33dae227e1a33858b9a6c7c2962c4f0601779b,0,2,{},"{35.855: 2, 35.854: 2}",15
bc45e3a62694cfa1be783ca28ba9ccd88c09f6b5a68d3d03bbbcf41ab92e81f0,2,0,"{31.953: 2, 31.952: 1}",{},7
bcf9a0f49d632df31202cc5d21f227e53d347ecde36f2a8a402967aaa2686ba3,2,0,"{31.985: 3, 31.984: 2}",{},7
bd01cb109d133c0da279dbdc5b15f1bcf797b1d2c45ee632da23919923b830f2,2,0,"{31.954: 1, 31.955: 1}",{},5
c0bca1a7d3bd6d446c6ec8be5ae3236b6cedba6c50a4206e9c278d294dc8beca,1,0,{31.958: 1},{},14
c1161a68e0cd520ec7bee8e4f74ae3ac5d960da1bc7266ba42cf7766adc15472,3,0,"{31.954: 1, 31.955: 2, 31.956: 1}",{},28
c16cc83d439c425bd65f7a42894610cc55a5d50cf8f49d55d6721c63004743ec,2,2,"{31.975: 1, 31.976: 1}","{35.839: 1, 35.84: 1}",3
c1921aabcf3151a71728e77b512340ada87099366b88e566c7875032488ed39f,0,1,{},{35.868: 1},2
c1e07a7753ba9167db5e9cdf0fb108668f73c52772857ef732eca293f76069e2,2,3,"{31.965: 3, 31.964: 3}","{35.907: 1, 35.905: 2, 35.906: 1}",10
c445d3f9f5992a289ecf8342f757c4b7d3ff3655e36cfc0982a7fe15a213831f,1,1,{32.024: 1},{35.858: 1},4
c672b074d7f499f4008490ff1d9a1331aad5ff8d94bf17f89b65ca993f5aba86,2,2,"{31.976: 1, 31.975: 1}","{35.84: 2, 35.839: 1}",6
c6a350ea55abe9d34ab867cf117775bfdae220ea0b9bc06d984224f535d57df8,0,1,{},{35.913: 1},3
c7202b2a391e37aa17396c383553a5d47209ccd97c3488d2178b5c2ca746e7d2,0,1,{},{35.947: 1},3
c799aa1233350d5a28e8b85ed4bc38e2a14b0ce99c8627c5f49447887b868d60,1,1,{31.912: 1},{35.934: 1},6
c7eb59e435f52870382322a2d259647f7b0c43f585191289577976d2c7109538,3,3,"{31.9: 1, 31.958: 3, 31.957: 2}","{35.867: 3, 35.856: 1, 35.868: 2}",45
c8ddc1422e42f274acf5733f5731884c54513021871fad98a0a4f88cf87c1059,0,1,{},{35.854: 1},15
c9cbf1a1be69e8e05adfa78f587b85551739b0949f814e93bad4e06c69a119d9,2,0,"{31.974: 1, 31.973: 1}",{},3
ca01d2b6691ff841a4cd39c71ebd0e0f9b8ed8a8635fa33dcf34a92a10476e9d,1,0,{31.974: 1},{},4
ca7e046d16bfdcd0696fdb34c28ceb31a9096261889cfafb8edbe0c757f80bdc,2,2,"{31.989: 1, 31.988: 1}","{35.866: 1, 35.867: 1}",7
cb872e0dbe7c3727fb94dc2cd8691b0fc67dad042d143f7fd0db1f3053e7a293,0,2,{},"{35.856: 1, 35.855: 1}",4
cba036698928edf139d9b6cd37e95864d4f50adc9ec8dbf4d3499b1f0f84538f,2,0,"{32.028: 1, 32.029: 1}",{},10
cbb051ffdee54550de1512d187efecf5479f7cffec75b271c986537062d29b2d,1,0,{31.954: 1},{},8
cbc2c702d7253b9687ea7ae599bcc8c61416b99b09e8d4766a1389212068115d,2,0,"{31.957: 2, 31.958: 2}",{},13
cc0a695295c36a52ccef8b7498e5e25a3a9b69cf18e92cf0bcdc3e30202512a9,0,2,{},"{35.897: 1, 35.896: 1}",3
cda572dc9b0e493dcfd94f620c94e0ce46bff8c55b178e9859bd7c76a8143351,0,2,{},"{35.864: 2, 35.863: 2}",7
cdbb3e586032761504e7a0d319d2a64055065ba9450a1cc7da2dd004647dac6e,2,2,"{31.996: 2, 31.997: 1}","{35.854: 1, 35.853: 1}",15
ce5068c67ff05e298412a27c8a776456070ff6f10f53dcdaec71943a7848fb2c,1,0,{31.95: 1},{},2
cf0f577ba9c6179a0aa4c0ddf1b25a3378ea97c8272b0adcd868ca674b568e6e,2,0,"{31.942: 1, 31.941: 1}",{},7
d119c289b2a6a9613661dc545bc093a3aae2cdbcb307ed6a96d8f7154d164128,2,2,"{32.015: 1, 32.014: 1}","{35.868: 1, 35.869: 1}",7
d17925568061195e82c861db0077013381f9c2197cb277def4628a58f1b0399b,2,2,"{31.956: 3, 31.957: 3}","{35.865: 1, 35.864: 1}",9
d1ae4c1d161006698a32052d664ff5c9459eef3e4b85af7cd651ff69b1db5df0,2,2,"{31.995: 1, 31.996: 1}","{35.835: 2, 35.834: 2}",16
d2828f7efaa15891081abbc88ed268789f70d4bfb40242da294cef6ac98b1188,1,0,{31.985: 1},{},2
d334c87bd47b8acb5167f64f98abce3861009e9fb7e95304a21f0203dad3f27f,2,0,"{31.963: 2, 31.962: 1}",{},8
d3c441dc02721268486ac50e0721a6cbd8a7c47ba6f6666b11e89133c3d57ecd,0,2,{},"{35.868: 3, 35.867: 3}",46
d43bcdcd56aae4ca147d438155ca030c39a3a3b9959c67e56fbfb862eababcf6,2,3,"{31.96: 1, 31.956: 1}","{35.854: 1, 35.855: 2, 35.856: 1}",13
d4aae6d0b763d0540e515177c6bed9bcfa200a0fdab1737b01d96fb01c7a207c,1,1,{31.971: 1},{35.904: 1},11
d5de1134c6a9e559101f1ed5fa72c95dd5d527c71d7f159ba535de60dee6c2fd,0,2,{},"{35.866: 2, 35.865: 2}",16
d62ddcf68c0d310d2b5410191360047f43310bbc81958094791a1b7469288dca,0,3,{},"{35.86: 5, 35.859: 6, 35.862: 1}",65
d6aa1f27d73d07baa717fddfefd54ff139ee512abb9c5452bc513060c13fc9d0,0,2,{},"{35.867: 1, 35.866: 1}",4
d9392e69946dda29f2a821f6d607c0516c8a385eee74cbaea1acd59b13d1866b,1,0,{31.958: 1},{},2
db0448a58a270e349f1317ee778a03a71f970db694d94ca7ce9b5b0fe2e75669,2,3,"{32.026: 1, 32.028: 1}","{35.854: 1, 35.858: 1, 35.859: 1}",6
dbc8c23038bd87a3606cf301819105d1f32c8e05c7a94cd07648ffd94ae7ea69,2,2,"{31.995: 1, 31.994: 1}","{35.871: 2, 35.87: 2}",6
dc9632051f11b1527b143af050349aaae2c21bb1ddaaa02b04da5e41616e45c2,0,1,{},{35.865: 1},2
dd132005187c185ec33514e80800a32f20c706f4a21091475e9552c83eb0e6a3,2,0,"{31.958: 2, 31.957: 1}",{},4
def2f7584df5f78f0839fecb4a739a89a57ef55ce74cc0fea2a7ba3093544bb7,2,0,"{31.997: 2, 31.996: 2}",{},19
dfdaf5fa8aca32594f32f8d77e71554e81369e5cb03f893d99a8bb379ceca893,2,2,"{31.962: 1, 31.963: 1}","{35.908: 1, 35.909: 1}",6
dffc4c0a18086024530d5a85b4515b49ba7d87cbdef53f9d3d5150c814f9063f,2,2,"{31.99: 1, 31.991: 1}","{35.892: 1, 35.891: 1}",10
e1f4d4ad684f40b7fb73ded948b1ca6568e5dfb5d0b98141a260259c790b978a,2,0,"{31.978: 1, 31.98: 1}",{},6
e20815d645e1ad23c8f620c78e1150f945f0e5d385a0749f0ebde4f3c9bdf24b,1,0,{31.915: 1},{},3
e24189e974a3109ee4781efaa9e8dbbc3c5e9febb56f81dcb6b86c48d84c5329,1,1,{32.001: 1},{35.782: 1},2
e268c5b6b6b831d8e7a939f8b4688664ff8aad097b201facfb63a34f4ad72568,2,0,"{31.958: 1, 31.957: 1}",{},29
e2b2eea9db3fc8e24f239c8486ec54352be4fead369f2e2724b163580e1e23b0,3,2,"{31.975: 6, 31.974: 6, 31.988: 1}","{35.88: 1, 35.884: 1}",20
e2f327942e1a0ba5c6435f10cf67babe68d544b8c4fcf41e4170bae82af99e48,0,2,{},"{35.885: 1, 35.884: 1}",13
e3c6dfc70d81941d35f25586a28d9f1bf14bfbc8adaed30fab1ac47575acd7d8,2,0,"{31.959: 1, 31.958: 1}",{},5
e46018cd299090ae052027981b64e09a4a1e7510930a79a86565af7361bad1ee,2,1,"{31.955: 1, 31.954: 1}",{35.856: 1},3
e50bf8018db0dece0ff59ec9045069bfa227b28a09ebcb49b2b644ca0954f840,2,2,"{31.978: 2, 31.977: 2}","{35.842: 1, 35.843: 1}",14
e54c9ca3f7130087add3e354f7c807bfa492d49f5e64d235d270821f3a6987a9,0,2,{},"{35.878: 1, 35.877: 1}",5
e57db56fadb2bab441263cabd2021f5bcd500cf540fd821ad18e8f86f76107a1,2,2,"{32.046: 2, 32.047: 1}","{35.893: 2, 35.894: 2}",6
e819063baab0315a30d61297d4cab4693bbdcfd983edb68a0a3568fb8aefc18b,1,0,{32.007: 1},{},2
e832ef34b0d45b857cec690783718c50f07aaf8e31633b916a6bfe5fff16bf71,3,4,"{31.951: 1, 31.949: 1, 31.922: 1}","{35.927: 1, 35.928: 2, 35.931: 1, 35.935: 1}",52
e858e674107700807ae947f091730da3826cdb060540b96c89cbe08fc1ea332e,0,2,{},"{35.896: 1, 35.897: 1}",3
e8c3575b58b2ac23a3a3faa86baedcd2b476fbc49338c00451ce173eb8ae5731,0,2,{},"{35.842: 1, 35.841: 1}",4
e8ec3fb2ee553889058fd0bd991aa86d900229d2d574b8a490ea4acf70c35e92,2,0,"{31.892: 1, 31.891: 1}",{},4
e8fca214797851f788f3cfc3dca3b1b4de15025c799b194a39b97bbcc67b0105,1,1,{31.903: 1},{35.889: 1},3
e9dba76c4f218b96ae490d3f7e7dcc32c09296c7a0d157fdb3ea04283a3dd197,3,2,"{31.958: 4, 31.957: 3, 31.918: 1}","{35.912: 1, 35.855: 1}",15
ea5dcd923ec4bd739003c99b4b6162ccb4cf7547aea7636b0ff2bb5e025cbb48,2,2,"{31.98: 3, 31.979: 3}","{35.923: 2, 35.922: 2}",13
ec6bd0099a5c6d691bcbd427fb71582786c64f931ca604a7023d0a4109d4af62,2,2,"{31.949: 1, 31.948: 1}","{35.893: 1, 35.892: 1}",5
ec6fc4f02d6971a64413f5a670feaba50944b8a79c53dd94f8ad38cdfdc43ac2,2,2,"{31.958: 1, 31.957: 1}","{35.858: 1, 35.857: 1}",65
ec99c070a269faf1c74d262ba6faa28b9a9a643b3b1aaffd62b7036b2a238939,2,2,"{31.964: 1, 31.965: 1}","{35.905: 1, 35.906: 1}",8
eda4337e256b461dbf9cf9f47e4455d1e0f52bb0f65b523b45a2bacdd2a3e9d0,0,2,{},"{35.856: 1, 35.857: 1}",12
edff3723c0ab42c91d710554c4d95a221b906f05b131dbb5e1ba000c0b6cc5b0,0,2,{},"{35.87: 1, 35.871: 1}",5
f06c68f110a7e9a3744a3fe4f3d0c02256df6098386c8f7f8dc782de843ef30f,1,1,{32.001: 1},{35.891: 1},2
f1a1f7ff57e7c7f7f01c9a412139820914abd602e6b651b1fa4febd6226efeb6,0,1,{},{35.928: 1},2
f390c480d7ab640a7e554d787358a073cac892b87f4f6775dae0976d9ff13daf,2,0,"{31.975: 2, 31.974: 2}",{},7
f6000780c793d284fe9a61a6a5113e535f1bdbcea4d5a879dbac78747476539d,2,2,"{31.993: 1, 31.994: 1}","{35.871: 1, 35.87: 1}",7
f812095cfd0e0cb04befd8a0a77e9bc1fa94d0becbffebadf1f11b2ef1eaf66e,0,2,{},"{35.856: 1, 35.855: 1}",14
f860db4577f73dc5b565f60b6db49c177f2730fc38f589d3407e542db905ab45,0,1,{},{35.9: 1},3
f8daaf8482e0559b0915aed3217d100d3f5b0683a103b947345f640bd89821fc,0,2,{},"{35.939: 1, 35.94: 1}",5
f9e833a7f7b0161d3a376da0e36e7ecf9a15f1769777f8087e2bf18346191e3c,1,1,{31.888: 1},{35.858: 1},3
fa0f7dfb4fa0d215d176db0a41455eb306572dba2c84ae72a75e6f31c7cfe5e7,0,1,{},{35.887: 1},3
fc25aaea755015cbabe68c8989b9c26cd7d5f9cfca9bfe0cf861cd599a037842,2,2,"{31.974: 2, 31.975: 1}","{35.884: 2, 35.883: 2}",13
fc651e39b70ff793a1ae95f1b96412d2ba7dd0a823b959c8471bc498579d30d9,0,2,{},"{35.885: 1, 35.884: 1}",11
fd0a5021999567bdf589932542be4b4965109d5d370d45ebf02f168e50a12ee8,0,2,{},"{35.847: 1, 35.848: 1}",6
fd2c5692f4c71db79c4cd44c92e8e07fe6824babeea7c14d232f3a0afb040555,0,1,{},{35.876: 1},4
fdab482f8b8e8d15bf7f0b8361a987d6996630a4d5f88800e4488407aebed5d0,2,3,"{31.964: 1, 31.965: 1}","{35.908: 1, 35.907: 1, 35.906: 1}",5
fddb77267693aebb83495c1e341cef835fc911798535f78ac3cbb894cddadf7d,0,2,{},"{35.846: 1, 35.845: 1}",16
fe4dfff1f20aa9ce43bfc6260abb99ee8d8c5bcb0f78de9ea0ae608ace58c026,2,0,"{31.965: 1, 31.964: 1}",{},4
